Tempo(s), Risco do Sensor, Nivel da Bateria,Delta Bateria, Diff(s),Mode
18.7036,alto,97.26,0.36,18.6,Controlled
18.9473,baixo,96.9,4.21,0.24364,Controlled
47.7636,moderado,92.69,0.08,28.8163,Controlled
48.0037,alto,92.61,0.08,0.24011,Controlled
48.0508,moderado,92.53,0.22,0.04716,Controlled
48.7716,baixo,92.31,0.57,0.72081,Controlled
52.6155,alto,91.74,0.92,3.84389,Controlled
53,moderado,90.82,0.08,0.62349,Controlled
53.4797,baixo,90.74,0.92,0.24065,Controlled
59.7236,moderado,89.82,0.08,6.24399,Controlled
59.9671,alto,89.74,0.36,0.24348,Controlled
60.2077,moderado,89.38,0.36,0.24054,Controlled
61.4117,baixo,89.02,1.48,1.20401,Controlled
71.4914,moderado,87.54,0.22,10.0797,Controlled
72.2117,alto,87.32,3.16,0.72032,Controlled
74.3758,moderado,84.16,0.08,2.16406,Controlled
74.6157,baixo,84.08,1.2,0.2399,Controlled
82.7836,alto,82.88,0.92,8.16794,Controlled
83,moderado,81.96,0.43,0.62745,Controlled
85,alto,81.53,0.57,1.43996,Controlled
85.2352,moderado,80.96,0.43,0.3842,Controlled
86.6755,baixo,80.53,1.48,1.4403,Controlled
96.7594,moderado,79.05,0.15,10.0839,Controlled
97.2393,baixo,78.9,4.63,0.47985,Controlled
129,moderado,74.27,0.22,31.6881,Controlled
130,alto,74.05,0.85,0.72429,Controlled
130,moderado,73.2,0.08,0.5798,Controlled
130,baixo,73.12,1.2,0.24365,Controlled
139,alto,71.92,1.34,8.16436,Controlled
140,moderado,70.58,0.22,0.91221,Controlled
140,baixo,70.36,5.33,0.72357,Controlled
177,moderado,65.03,0.15,36.4958,Controlled
177,baixo,64.88,3.86,0.4799,Controlled
204,alto,61.02,1.69,26.4085,Controlled
205,baixo,59.33,1.06,1.15603,Controlled
212,alto,58.27,0.15,7.20731,Controlled
212.12,moderado,58.12,0.08,0.09757,Controlled
212.36,baixo,58.04,4.07,0.23932,Controlled
240,moderado,53.97,0.29,27.8518,Controlled
241,baixo,53.68,10.65,0.96012,Controlled
314,alto,43.03,0.43,72.9713,Controlled
314,moderado,42.6,0.15,0.28831,Controlled
315,baixo,42.45,11.56,0.48036,Controlled
394,alto,30.89,0.5,79.2199,Controlled
394,moderado,30.39,0.08,0.33955,Controlled
395,baixo,30.31,1.69,0.24053,Controlled
406,moderado,28.62,0.15,11.5312,Controlled
407,baixo,28.47,0.29,0.48082,Controlled
409,moderado,28.18,0.15,1.92401,Controlled
409,baixo,28.03,5.89,0.4831,Controlled
449,moderado,22.14,0.08,40.3449,Controlled
450,alto,22.06,2.74,0.2436,Controlled
452,moderado,19.32,0.08,1.87213,Controlled
452,baixo,19.24,2.67,0.24399,Controlled
470,alto,16.57,2.04,18.24,Controlled
471,moderado,14.53,0.22,1.39181,Controlled
472,baixo,14.31,2.88,0.72444,Controlled
492,alto,11.43,0.22,19.6839,Controlled
492,moderado,11.21,0.08,0.14823,Controlled
492,baixo,11.13,0.43,0.2387,Controlled
495,alto,10.7,0.29,2.8808,Controlled
495,moderado,10.41,0.08,0.19183,Controlled
496,baixo,10.33,0.5,0.24056,Controlled
498.94,alto,9.83,0.64,3.36411,Controlled
499,moderado,9.19,0.08,0.43113,Controlled
500,alto,9.11,0.08,0.24465,Controlled
500,moderado,9.03,0.5,0.04727,Controlled
501,alto,8.53,0.15,1.68478,Controlled
501,moderado,8.38,0.29,0.09729,Controlled
502,alto,8.09,2.11,0.96672,Controlled
504,baixo,5.98,6.66,1.44404,Controlled
549,alto,-0.68,1.69,45.6319,Controlled
550.64,moderado,-2.37,0.15,1.1521,Controlled
551,alto,-2.52,0.08,0.47946,Controlled
551,moderado,-2.6,0.08,0.04797,Controlled
551,baixo,-2.68,4.28,0.24062,Controlled
581,alto,-6.96,0.5,29.2908,Controlled
581,moderado,-7.46,0.22,0.33666,Controlled
581.76,baixo,-7.68,1.34,0.72464,Controlled
591,alto,-9.02,0.22,9.1191,Controlled
591,moderado,-9.24,0.29,0.14887,Controlled
592,baixo,-9.53,5.33,0.95922,Controlled
628,moderado,-14.86,0.29,36.4886,Controlled
629.44,baixo,-15.15,5.33,0.96398,Controlled
666,moderado,-20.48,0.15,36.7122,Controlled
667,baixo,-20.63,3.58,0.47893,Controlled
691,moderado,-24.21,0.15,24.4849,Controlled
692,baixo,-24.36,5.12,0.48003,Controlled
727,moderado,-29.48,0.22,35.0476,Controlled
727,baixo,-29.7,5.96,0.72448,Controlled
768.18,moderado,-35.66,0.08,40.8121,Controlled
768,baixo,-35.74,0.71,0.24374,Controlled
773,moderado,-36.45,0.22,4.80398,Controlled
774,baixo,-36.67,2.39,0.72039,Controlled
790,moderado,-39.06,0.08,16.3352,Controlled
791,baixo,-39.14,9.32,0.24394,Controlled
854,moderado,-48.46,0.08,63.8604,Controlled
855,baixo,-48.54,0.92,0.24414,Controlled
861,alto,-49.46,0.15,6.2439,Controlled
861,moderado,-49.61,0.08,0.09759,Controlled
861,baixo,-49.69,0.78,0.2426,Controlled
866.5,alto,-50.47,0.57,5.28402,Controlled
867,moderado,-51.04,0.08,0.38782,Controlled
867,baixo,-51.12,5.19,0.24032,Controlled
903,alto,-56.31,0.5,35.5279,Controlled
903,moderado,-56.81,0.08,0.33982,Controlled
903,baixo,-56.89,0.71,0.24013,Controlled
908,alto,-57.6,0.71,4.80009,Controlled
908.52,moderado,-58.31,0.5,0.48394,Controlled
910,baixo,-58.81,2.81,2,Controlled
929,alto,-61.62,1.41,19,Controlled
930,moderado,-63.03,0.36,0.95949,Controlled
932,alto,-63.39,1.27,1.2046,Controlled
932.44,moderado,-64.66,0.15,0.86809,Controlled
933,alto,-64.81,0.08,0.48402,Controlled
933,moderado,-64.89,0.08,0.04712,Controlled
933,baixo,-64.97,0.08,0.24376,Controlled
933.7,alto,-65.05,0.71,0.48501,Controlled
934,moderado,-65.76,0.08,0.48402,Controlled
934,alto,-65.84,0.08,0.24392,Controlled
934,moderado,-65.92,0.15,0.04755,Controlled
935,baixo,-66.07,1.41,0.48855,Controlled
945,alto,-67.48,0.78,9.60378,Controlled
945,moderado,-68.26,0.08,0.5319,Controlled
945,baixo,-68.34,3.86,0.24364,Controlled
972,moderado,-72.2,0.08,26.4285,Controlled
972,baixo,-72.28,0.92,0.24405,Controlled
978,alto,-73.2,1.13,6.24385,Controlled
979,moderado,-74.33,0.29,0.76762,Controlled
980,baixo,-74.62,1.13,0.96436,Controlled
988,alto,-75.75,0.15,7.68011,Controlled
988,moderado,-75.9,0.08,0.09672,Controlled
988,alto,-75.98,0.85,0.23939,Controlled
989,moderado,-76.83,0.22,0.58007,Controlled
989,baixo,-77.05,0.36,0.72367,Controlled
991.72,alto,-77.41,0.64,2.40816,Controlled
992,moderado,-78.05,0.29,0.43619,Controlled
993.12,baixo,-78.34,0.08,0.96429,Controlled
994,alto,-78.42,0.22,0.48323,Controlled
994,moderado,-78.64,0.22,0.14867,Controlled
994,baixo,-78.86,1.83,0.72407,Controlled
1006.96,moderado,-80.69,0.08,12.4879,Controlled
1007.21,alto,-80.77,0.64,0.2438,Controlled
1007.64,moderado,-81.41,0.22,0.43183,Controlled
1008.36,baixo,-81.63,0.99,0.72378,Controlled
1015.08,alto,-82.62,0.22,6.72048,Controlled
1015.23,moderado,-82.84,0.29,0.14812,Controlled
1016.2,baixo,-83.13,0.15,0.96338,Controlled
1017.16,alto,-83.28,0.15,0.96053,Controlled
1017.25,moderado,-83.43,0.15,0.0967,Controlled
1017.74,baixo,-83.58,2.95,0.48302,Controlled
1037.91,moderado,-86.53,0.08,20.1765,Controlled
1038.15,baixo,-86.61,5.05,0.23999,Controlled
1072.71,moderado,-91.66,0.29,34.5595,Controlled
1073.67,baixo,-91.95,2.67,0.96029,Controlled
1091.92,moderado,-94.62,0.22,18,Controlled
1092.65,baixo,-94.84,0.08,0.72402,Controlled
1093.13,moderado,-94.92,0.22,0.48389,Controlled
1093.85,baixo,-95.14,9.11,0.71962,Controlled
1156.28,moderado,-104.25,0.22,62.4245,Controlled
1157,alto,-104.47,0.29,0.72009,Controlled
1157.19,moderado,-104.76,0.15,0.19594,Controlled
1157.68,baixo,-104.91,3.02,0.48401,Controlled
1178.32,alto,-107.93,1.13,20.6441,Controlled
1179.09,moderado,-109.06,0.22,0.77168,Controlled
1179.81,baixo,-109.28,2.53,0.71963,Controlled
1197.1,moderado,-111.81,0.64,17.2884,Controlled
1199.26,baixo,-112.45,0.5,2.16019,Controlled
1202.62,moderado,-112.95,0.15,3.36396,Controlled
1203.1,baixo,-113.1,2.25,0.48009,Controlled
1218.48,alto,-115.35,0.5,15,Controlled
1218.82,moderado,-115.85,0.08,0.33993,Controlled
1219.06,baixo,-115.93,1.41,0.24427,Controlled
1228.66,moderado,-117.34,0.08,9.6031,Controlled
1228.9,alto,-117.42,0.57,0.24012,Controlled
1229.29,moderado,-117.99,0.29,0.38409,Controlled
1230.25,baixo,-118.28,14.01,0.95978,Controlled
1326.74,moderado,-132.29,0.08,96.4916,Controlled
1326.98,baixo,-132.37,0.08,0.24096,Controlled
1327.46,alto,-132.45,1.2,0.48395,Controlled
1328.28,moderado,-133.65,0.22,0.81529,Controlled
1329,baixo,-133.87,3.58,0.72073,Controlled
1353.49,moderado,-137.45,0.08,24.4878,Controlled
1353.73,baixo,-137.53,0.64,0.24387,Controlled
1358.05,alto,-138.17,2.46,4.32355,Controlled
1359.74,moderado,-140.63,0.15,1.68089,Controlled
1360.22,baixo,-140.78,3.16,0.47986,Controlled
1381.82,alto,-143.94,1.2,22,Controlled
1382.64,moderado,-145.14,0.29,0.81551,Controlled
1383.6,baixo,-145.43,0.92,0.96002,Controlled
1389.84,moderado,-146.35,0.08,6.24394,Controlled
1390.08,alto,-146.43,0.15,0.24027,Controlled
1390.18,moderado,-146.58,0.08,0.09683,Controlled
1390.42,baixo,-146.66,0.5,0.24301,Controlled
1393.78,moderado,-147.16,0.22,3.35975,Controlled
1394.5,baixo,-147.38,5.26,0.72069,Controlled
1430.52,alto,-152.64,0.92,36,Controlled
1431.14,moderado,-153.56,0.15,0.62728,Controlled
1431.62,baixo,-153.71,2.53,0.47974,Controlled
1448.92,alto,-156.24,0.78,17.2966,Controlled
1449.45,moderado,-157.02,0.08,0.52805,Controlled
1449.69,baixo,-157.1,0.85,0.24418,Controlled
1455.45,alto,-157.95,0.5,5.7594,Controlled
1455.79,moderado,-158.45,0.08,0.33682,Controlled
1456.03,baixo,-158.53,1.27,0.23911,Controlled
1464.67,moderado,-159.8,0.08,8.64014,Controlled
1464.91,baixo,-159.88,7.92,0.24064,Controlled
1519.16,alto,-167.8,0.08,54.2478,Controlled
1519.2,moderado,-167.88,0.08,0.04764,Controlled
1519.45,baixo,-167.96,0.08,0.24364,Controlled
1519.93,moderado,-168.04,0.29,0.48479,Controlled
1520.89,baixo,-168.33,7.36,0.9599,Controlled
1571.32,moderado,-175.69,0.08,50.4282,Controlled
1571.56,alto,-175.77,0.29,0.24325,Controlled
1571.76,moderado,-176.06,0.15,0.19278,Controlled
1572.24,baixo,-176.21,5.61,0.47963,Controlled
1610.63,alto,-181.82,0.99,38.3997,Controlled
1611.31,moderado,-182.81,0.08,0.67181,Controlled
1611.55,baixo,-182.89,0.92,0.24089,Controlled
1617.79,moderado,-183.81,0.22,6.24405,Controlled
1618.51,alto,-184.03,0.57,0.72341,Controlled
1618.9,moderado,-184.6,0.15,0.38362,Controlled
1619.38,baixo,-184.75,6.94,0.48015,Controlled
1666.93,moderado,-191.69,0.08,48,Controlled
1667.17,baixo,-191.77,0.36,0.23975,Controlled
1669.57,alto,-192.13,0.36,2.40463,Controlled
1669.82,baixo,-192.49,9.39,0.2439,Controlled
1734.14,moderado,-201.88,0.22,64.3279,Controlled
1734.86,baixo,-202.1,4.56,0.72053,Controlled
1766.08,alto,-206.66,1.13,31,Controlled
1766.85,moderado,-207.79,0.08,0.77221,Controlled
1767.09,baixo,-207.87,1.41,0.2431,Controlled
1776.69,moderado,-209.28,0.08,9.59973,Controlled
1776.94,baixo,-209.36,2.46,0.24114,Controlled
1793.74,moderado,-211.82,0.08,16.8078,Controlled
1793.99,alto,-211.9,0.43,0.24373,Controlled
1794.27,moderado,-212.33,0.15,0.28779,Controlled
1794.76,baixo,-212.48,1.34,0.48013,Controlled
1803.88,alto,-213.82,0.15,9.12318,Controlled
1803.98,moderado,-213.97,0.22,0.09739,Controlled
1804.69,baixo,-214.19,0.43,0.71918,Controlled
1807.58,moderado,-214.62,0.08,2.88085,Controlled
1807.82,baixo,-214.7,3.51,0.24302,Controlled
1831.82,alto,-218.21,0.29,24.0005,Controlled
1832.01,moderado,-218.5,0.15,0.19195,Controlled
1832.49,baixo,-218.65,3.23,0.47952,Controlled
1854.59,moderado,-221.88,0.15,22.0964,Controlled
1855.07,baixo,-222.03,3.72,0.47992,Controlled
1880.51,moderado,-225.75,0.08,25.4438,Controlled
1880.75,baixo,-225.83,5.4,0.24096,Controlled
1917.72,moderado,-231.23,0.15,36.9639,Controlled
1918.2,baixo,-231.38,2.04,0.4839,Controlled
1932.14,moderado,-233.42,0.08,13.9398,Controlled
1932.38,baixo,-233.5,0.71,0.23962,Controlled
1937.18,moderado,-234.21,0.15,4.80417,Controlled
1937.66,baixo,-234.36,11.49,0.47992,Controlled
2016.41,alto,-245.85,0.85,79,Controlled
2016.98,moderado,-246.7,0.15,0.57534,Controlled
2017.46,baixo,-246.85,2.25,0.48024,Controlled
2032.83,alto,-249.1,0.15,15.3684,Controlled
2032.93,moderado,-249.25,0.08,0.09704,Controlled
2033.17,alto,-249.33,0.57,0.2395,Controlled
2033.56,moderado,-249.9,0.08,0.38812,Controlled
2033.8,baixo,-249.98,8.41,0.23932,Controlled
2091.4,moderado,-258.39,0.22,57.6079,Controlled
2092.12,baixo,-258.61,1.06,0.72026,Controlled
2099.32,alto,-259.67,1.62,7.20029,Controlled
2100.43,moderado,-261.29,0.22,1.10771,Controlled
2101.15,baixo,-261.51,3.02,0.72027,Controlled
2121.8,moderado,-264.53,0.08,20.6437,Controlled
2122.04,baixo,-264.61,0.22,0.24404,Controlled
2123.48,moderado,-264.83,0.15,1.4397,Controlled
2123.96,alto,-264.98,0.36,0.47996,Controlled
2124.2,moderado,-265.34,0.08,0.23996,Controlled
2124.44,baixo,-265.42,1.83,0.24424,Controlled
2136.93,moderado,-267.25,0.08,12.4838,Controlled
2137.17,baixo,-267.33,0.99,0.24049,Controlled
2143.9,alto,-268.32,0.5,6.72833,Controlled
2144.23,moderado,-268.82,0.29,0.33922,Controlled
2145.2,baixo,-269.11,1.48,0.96392,Controlled
2155.28,moderado,-270.59,0.22,10.0838,Controlled
2156,baixo,-270.81,3.37,0.72098,Controlled
2179.05,alto,-274.18,1.41,23.0402,Controlled
2180.01,moderado,-275.59,0.08,0.96457,Controlled
2180.26,baixo,-275.67,1.48,0.24371,Controlled
2190.33,moderado,-277.15,0.15,10.0799,Controlled
2190.81,alto,-277.3,0.15,0.47989,Controlled
2190.91,moderado,-277.45,0.15,0.09704,Controlled
2191.39,baixo,-277.6,0.92,0.47928,Controlled
2197.65,alto,-278.52,0.36,6.25649,Controlled
2197.89,moderado,-278.88,0.29,0.23993,Controlled
2198.85,alto,-279.17,0.99,0.9643,Controlled
2199.52,moderado,-280.16,0.08,0.67174,Controlled
2199.77,baixo,-280.24,1.97,0.24351,Controlled
2213.21,moderado,-282.21,0.36,13.4437,Controlled
2214.41,alto,-282.57,0.15,1.20042,Controlled
2214.51,baixo,-282.72,0.36,0.09682,Controlled
2216.91,alto,-283.08,0.15,2.40365,Controlled
2217.01,moderado,-283.23,0.15,0.09716,Controlled
2217.49,baixo,-283.38,0.85,0.48674,Controlled
2223.26,moderado,-284.23,0.22,5.7689,Controlled
2223.99,baixo,-284.45,3.37,0.7231,Controlled
2247.03,alto,-287.82,0.43,23.0402,Controlled
2247.31,moderado,-288.25,0.08,0.28786,Controlled
2247.56,baixo,-288.33,0.08,0.24079,Controlled
2248.03,moderado,-288.41,0.15,0.47933,Controlled
2248.52,baixo,-288.56,0.57,0.48059,Controlled
2252.36,moderado,-289.13,0.15,3.84415,Controlled
2252.84,baixo,-289.28,0.57,0.47965,Controlled
2256.68,moderado,-289.85,0.36,3.8439,Controlled
2257.88,baixo,-290.21,6.8,1.19951,Controlled
2304.48,alto,-297.01,0.29,46.5961,Controlled
2304.67,moderado,-297.3,0.08,0.1925,Controlled
2304.91,baixo,-297.38,0.08,0.24039,Controlled
2305.39,moderado,-297.46,0.15,0.48317,Controlled
2305.88,baixo,-297.61,1.9,0.48462,Controlled
2318.84,alto,-299.51,1.48,12.9641,Controlled
2319.86,moderado,-300.99,0.15,1.01179,Controlled
2320.34,baixo,-301.14,2.25,0.47963,Controlled
2335.7,moderado,-303.39,0.08,15.3644,Controlled
2335.94,baixo,-303.47,1.27,0.24422,Controlled
2344.59,moderado,-304.74,0.08,8.64395,Controlled
2344.83,baixo,-304.82,4.49,0.24345,Controlled
2375.64,moderado,-309.31,0.15,30.8047,Controlled
2376.12,baixo,-309.46,0.64,0.48378,Controlled
2380.45,moderado,-310.1,0.08,4.33501,Controlled
2380.7,baixo,-310.18,0.57,0.24105,Controlled
2384.54,alto,-310.75,1.2,3.84384,Controlled
2385.36,moderado,-311.95,0.5,0.81593,Controlled
2387.04,baixo,-312.45,0.58,1.68792,Controlled
3.28082,alto,95.16,0.43,0.25879,Non-controlled
3.56884,moderado,94.73,0.08,0.28802,Non-controlled
3.61735,baixo,94.65,0.22,0.04851,Non-controlled
3.76544,alto,94.43,1.13,0.14809,Non-controlled
4.53331,moderado,93.3,0.08,0.76787,Non-controlled
4.5809,baixo,93.22,4.77,0.04759,Non-controlled
7.85292,moderado,88.45,0.22,3.27203,Non-controlled
8.0007,baixo,88.23,4.7,0.14778,Non-controlled
11.2174,alto,83.53,0.85,3.21668,Non-controlled
11.7934,moderado,82.68,0.15,0.57605,Non-controlled
11.8897,baixo,82.53,0.99,0.09629,Non-controlled
12.5654,alto,81.54,0.22,0.67568,Non-controlled
12.7135,moderado,81.32,0.08,0.14807,Non-controlled
12.7609,baixo,81.24,0.85,0.04746,Non-controlled
13.3414,alto,80.39,0.29,0.58042,Non-controlled
13.5334,moderado,80.1,0.22,0.19205,Non-controlled
13.6811,baixo,79.88,2.53,0.14768,Non-controlled
15.4134,moderado,77.35,0.08,1.73236,Non-controlled
15.4611,baixo,77.27,2.46,0.04767,Non-controlled
17.1529,moderado,74.81,0.08,1.69183,Non-controlled
17.2007,baixo,74.73,2.11,0.0478,Non-controlled
18.6493,alto,72.62,0.08,1.44858,Non-controlled
19,moderado,72.54,0.08,0.04765,Non-controlled
18.7458,baixo,72.46,2.74,0.04881,Non-controlled
20.6211,moderado,69.72,0.15,1.8753,Non-controlled
20.7185,baixo,69.57,7.15,0.09741,Non-controlled
25.9039,alto,62.42,0.08,5.18544,Non-controlled
26,moderado,62.34,0.15,0.0551,Non-controlled
26.0733,alto,62.19,1.06,0.11431,Non-controlled
26.9116,moderado,61.13,0.15,0.83831,Non-controlled
27.0251,baixo,60.98,1.69,0.11345,Non-controlled
28.3636,moderado,59.29,0.29,1.3385,Non-controlled
28.5879,alto,59,0.43,0.22431,Non-controlled
29,moderado,58.57,0.22,0.33615,Non-controlled
29.0924,baixo,58.35,5.05,0.16837,Non-controlled
34.6897,alto,53.3,0.57,5.59724,Non-controlled
35.0735,moderado,52.73,0.36,0.38386,Non-controlled
35.3168,baixo,52.37,0.36,0.24332,Non-controlled
35.5568,moderado,52.01,0.29,0.24001,Non-controlled
35.7536,baixo,51.72,5.26,0.19672,Non-controlled
39.3688,moderado,46.46,0.08,3.61521,Non-controlled
39.4165,baixo,46.38,1.76,0.04773,Non-controlled
40.6293,moderado,44.62,0.08,1.21282,Non-controlled
40.6772,baixo,44.54,2.04,0.0479,Non-controlled
42.0732,alto,42.5,0.57,1.39603,Non-controlled
42.4567,moderado,41.93,0.5,0.38349,Non-controlled
42.7934,baixo,41.43,1.2,0.33664,Non-controlled
43.6133,alto,40.23,1.13,0.81994,Non-controlled
44,moderado,39.1,0.29,0.76765,Non-controlled
44.5733,baixo,38.81,0.08,0.19229,Non-controlled
44.6213,moderado,38.73,0.08,0.04807,Non-controlled
44.6704,baixo,38.65,0.36,0.04909,Non-controlled
44.9133,alto,38.29,0.43,0.24292,Non-controlled
45.2016,moderado,37.86,0.08,0.28822,Non-controlled
45.2495,baixo,37.78,2.25,0.0479,Non-controlled
46.8421,moderado,35.53,0.08,1.59261,Non-controlled
46.8901,baixo,35.45,2.25,0.04806,Non-controlled
48.4453,alto,33.2,0.57,1.55519,Non-controlled
48.8334,moderado,32.63,0.15,0.38812,Non-controlled
48.9307,baixo,32.48,4,0.09724,Non-controlled
51.6731,alto,28.48,1.83,2.74241,Non-controlled
52.9255,moderado,26.65,0.43,1.25243,Non-controlled
53,baixo,26.22,3.23,0.29148,Non-controlled
55.4284,moderado,22.99,0.08,2.21139,Non-controlled
55,baixo,22.91,4.77,0.04861,Non-controlled
58.7534,moderado,18.14,0.15,3.27642,Non-controlled
58.8496,baixo,17.99,0.92,0.0962,Non-controlled
59.4801,alto,17.07,0.5,0.63051,Non-controlled
59.8173,moderado,16.57,0.22,0.33718,Non-controlled
59.9655,baixo,16.35,9.67,0.14826,Non-controlled
66.6009,alto,6.68,0.71,6.63537,Non-controlled
67.0811,moderado,5.97,0.15,0.48023,Non-controlled
67.1786,alto,5.82,0.64,0.09746,Non-controlled
67.6174,moderado,5.18,0.15,0.43881,Non-controlled
67.7146,baixo,5.03,5.33,0.09722,Non-controlled
71.3654,moderado,-0.3,0.15,3.65077,Non-controlled
71.4623,baixo,-0.45,1.69,0.09692,Non-controlled
72.6175,moderado,-2.14,0.08,1.15513,Non-controlled
72.6647,alto,-2.22,1.06,0.04724,Non-controlled
73.3854,moderado,-3.28,0.08,0.72069,Non-controlled
73.4328,baixo,-3.36,1.06,0.0474,Non-controlled
74.1614,moderado,-4.42,0.08,0.72866,Non-controlled
74.2092,baixo,-4.5,0.78,0.04778,Non-controlled
74.7446,alto,-5.28,0.29,0.53542,Non-controlled
74.9375,moderado,-5.57,0.15,0.19289,Non-controlled
75.0347,baixo,-5.72,0.57,0.0972,Non-controlled
75.4255,moderado,-6.29,0.15,0.39072,Non-controlled
75.5226,baixo,-6.44,0.78,0.09714,Non-controlled
76.0571,moderado,-7.22,0.08,0.53449,Non-controlled
76.1051,baixo,-7.3,1.97,0.04796,Non-controlled
77.4571,alto,-9.27,0.22,1.35205,Non-controlled
77.6054,moderado,-9.49,0.29,0.14828,Non-controlled
77.8014,baixo,-9.78,1.76,0.19599,Non-controlled
79.0056,moderado,-11.54,0.36,1.20418,Non-controlled
79.2491,baixo,-11.9,0.57,0.2435,Non-controlled
80,alto,-12.47,0.71,0.38398,Non-controlled
80.1132,moderado,-13.18,0.15,0.48016,Non-controlled
80.2103,baixo,-13.33,1.13,0.0971,Non-controlled
80.9815,alto,-14.46,0.29,0.77121,Non-controlled
81.1735,moderado,-14.75,0.08,0.19195,Non-controlled
81.2215,baixo,-14.83,0.5,0.04799,Non-controlled
81.5608,moderado,-15.33,0.22,0.33932,Non-controlled
81.7094,baixo,-15.55,0.08,0.1486,Non-controlled
81.7571,moderado,-15.63,0.08,0.04776,Non-controlled
81.8056,baixo,-15.71,0.57,0.04841,Non-controlled
82.1935,alto,-16.28,0.36,0.3879,Non-controlled
82.4375,moderado,-16.64,0.36,0.24408,Non-controlled
82.6775,baixo,-17,2.53,0.23998,Non-controlled
84.4089,alto,-19.53,1.34,1.73135,Non-controlled
85.3249,moderado,-20.87,0.22,0.91604,Non-controlled
85.4735,baixo,-21.09,10.44,0.14857,Non-controlled
92.6371,alto,-31.53,0.29,7.16364,Non-controlled
92.8292,moderado,-31.82,0.08,0.19211,Non-controlled
92.8768,baixo,-31.9,0.22,0.04755,Non-controlled
93.0253,moderado,-32.12,0.15,0.14856,Non-controlled
93.1224,baixo,-32.27,3.3,0.09702,Non-controlled
95.3853,moderado,-35.57,0.29,2.26291,Non-controlled
95.5775,baixo,-35.86,1.06,0.19222,Non-controlled
96.2961,moderado,-36.92,0.08,0.7186,Non-controlled
96.3447,baixo,-37,0.99,0.04861,Non-controlled
97.0255,moderado,-37.99,0.15,0.68074,Non-controlled
97.1226,baixo,-38.14,7.36,0.09714,Non-controlled
102,alto,-45.5,0.15,5.05421,Non-controlled
102,moderado,-45.65,0.22,0.09751,Non-controlled
102,baixo,-45.87,4.49,0.14314,Non-controlled
105,alto,-50.36,0.57,3.07552,Non-controlled
106,moderado,-50.93,0.08,0.38449,Non-controlled
106,baixo,-51.01,1.2,0.04716,Non-controlled
107,alto,-52.21,0.29,0.82101,Non-controlled
107,moderado,-52.5,0.08,0.19603,Non-controlled
107,baixo,-52.58,1.55,0.04756,Non-controlled
108,alto,-54.13,0.57,1.06008,Non-controlled
108,moderado,-54.7,0.15,0.38792,Non-controlled
109,baixo,-54.85,0.64,0.09729,Non-controlled
109,alto,-55.49,0.78,0.43909,Non-controlled
110,moderado,-56.27,0.22,0.53137,Non-controlled
110,baixo,-56.49,9.25,0.14449,Non-controlled
116,alto,-65.74,1.06,6.33994,Non-controlled
117,moderado,-66.8,0.08,0.72355,Non-controlled
117,baixo,-66.88,2.39,0.04791,Non-controlled
118,alto,-69.27,0.99,1.63658,Non-controlled
119,moderado,-70.26,0.08,0.67202,Non-controlled
119,baixo,-70.34,4.28,0.04801,Non-controlled
122,moderado,-74.62,0.22,2.93586,Non-controlled
122,baixo,-74.84,3.72,0.14753,Non-controlled
125,alto,-78.56,0.29,2.55658,Non-controlled
125,moderado,-78.85,0.15,0.19529,Non-controlled
125,baixo,-79,8.76,0.09799,Non-controlled
131,moderado,-87.76,0.15,6.00618,Non-controlled
131,baixo,-87.91,1.27,0.0968,Non-controlled
132,alto,-89.18,0.64,0.86351,Non-controlled
132,moderado,-89.82,0.22,0.43619,Non-controlled
133,baixo,-90.04,0.71,0.14783,Non-controlled
133,alto,-90.75,0.57,0.48018,Non-controlled
133,moderado,-91.32,0.08,0.3878,Non-controlled
134,baixo,-91.4,1.55,0.04753,Non-controlled
135,moderado,-92.95,0.08,1.06066,Non-controlled
135,baixo,-93.03,4.35,0.04684,Non-controlled
138,moderado,-97.38,0.08,2.98838,Non-controlled
138,baixo,-97.46,2.11,0.04817,Non-controlled
139,alto,-99.57,0.5,1.44463,Non-controlled
139,moderado,-100.07,0.08,0.33556,Non-controlled
139,baixo,-100.15,1.55,0.04821,Non-controlled
140.55,moderado,-101.7,0.15,1.0603,Non-controlled
141,alto,-101.85,0.15,0.09713,Non-controlled
141,moderado,-102,0.15,0.10009,Non-controlled
141,baixo,-102.15,5.82,0.09886,Non-controlled
145,alto,-107.97,0.78,3.98352,Non-controlled
145,moderado,-108.75,0.15,0.53192,Non-controlled
145,baixo,-108.9,0.22,0.09702,Non-controlled
146,moderado,-109.12,0.36,0.14716,Non-controlled
146,baixo,-109.48,0.71,0.24018,Non-controlled
146,moderado,-110.19,0.08,0.48399,Non-controlled
146,baixo,-110.27,1.62,0.04727,Non-controlled
147,alto,-111.89,0.29,1.10881,Non-controlled
148,moderado,-112.18,0.08,0.19602,Non-controlled
148,baixo,-112.26,0.64,0.04732,Non-controlled
148,alto,-112.9,0.15,0.43659,Non-controlled
148,moderado,-113.05,0.15,0.09717,Non-controlled
148,baixo,-113.2,11.14,0.10007,Non-controlled
156,moderado,-124.34,0.08,7.63874,Non-controlled
156,baixo,-124.42,6.38,0.04781,Non-controlled
160,moderado,-130.8,0.08,4.37234,Non-controlled
160,baixo,-130.88,0.64,0.04773,Non-controlled
161,moderado,-131.52,0.15,0.43606,Non-controlled
161,baixo,-131.67,8.62,0.09691,Non-controlled
167,alto,-140.29,0.22,5.90316,Non-controlled
167,moderado,-140.51,0.15,0.14809,Non-controlled
167.15,alto,-140.66,0.08,0.09615,Non-controlled
167,moderado,-140.74,0.36,0.04725,Non-controlled
167,alto,-141.1,0.5,0.24038,Non-controlled
168,moderado,-141.6,0.15,0.33618,Non-controlled
168,baixo,-141.75,2.6,0.09746,Non-controlled
170,alto,-144.35,0.99,1.78245,Non-controlled
170,moderado,-145.34,0.08,0.67183,Non-controlled
170,baixo,-145.42,1.34,0.04821,Non-controlled
171,alto,-146.76,0.22,0.91983,Non-controlled
171,moderado,-146.98,0.29,0.1442,Non-controlled
172,baixo,-147.27,5.33,0.19581,Non-controlled
175,alto,-152.6,1.62,3.65225,Non-controlled
176,moderado,-154.22,0.22,1.10763,Non-controlled
177,baixo,-154.44,0.08,0.14423,Non-controlled
177,alto,-154.52,0.15,0.04753,Non-controlled
177,moderado,-154.67,0.15,0.09761,Non-controlled
177,alto,-154.82,1.34,0.09855,Non-controlled
178,moderado,-156.16,0.22,0.91245,Non-controlled
178,baixo,-156.38,3.09,0.14731,Non-controlled
180,moderado,-159.47,0.36,2.11234,Non-controlled
180,alto,-159.83,0.22,0.24026,Non-controlled
180,moderado,-160.05,0.29,0.14803,Non-controlled
181,alto,-160.34,1.13,0.19159,Non-controlled
181,moderado,-161.47,0.08,0.77217,Non-controlled
181,baixo,-161.55,0.92,0.04802,Non-controlled
182,alto,-162.47,0.57,0.63209,Non-controlled
182,moderado,-163.04,0.15,0.38758,Non-controlled
182.47,baixo,-163.19,1.27,0.09723,Non-controlled
183,alto,-164.46,0.57,0.8674,Non-controlled
184,moderado,-165.03,0.15,0.38392,Non-controlled
184,baixo,-165.18,1.83,0.09705,Non-controlled
185,moderado,-167.01,0.15,1.25459,Non-controlled
185.17,baixo,-167.16,2.81,0.09684,Non-controlled
187,moderado,-169.97,0.22,1.91883,Non-controlled
187,baixo,-170.19,0.64,0.14872,Non-controlled
188,moderado,-170.83,0.15,0.43144,Non-controlled
188,baixo,-170.98,2.46,0.09759,Non-controlled
189,alto,-173.44,0.92,1.68682,Non-controlled
190,moderado,-174.36,0.29,0.62402,Non-controlled
190,baixo,-174.65,2.11,0.20005,Non-controlled
192,moderado,-176.76,0.22,1.43966,Non-controlled
192,baixo,-176.98,4,0.14855,Non-controlled
195,alto,-180.98,0.29,2.73946,Non-controlled
194.8,moderado,-181.27,0.15,0.1953,Non-controlled
195,baixo,-181.42,1.34,0.09776,Non-controlled
196,alto,-182.76,0.64,0.91134,Non-controlled
196,baixo,-183.4,0.22,0.43599,Non-controlled
196,alto,-183.62,0.08,0.14803,Non-controlled
196,moderado,-183.7,0.08,0.04771,Non-controlled
196.49,baixo,-183.78,0.15,0.04873,Non-controlled
197,moderado,-183.93,0.29,0.09571,Non-controlled
197,baixo,-184.22,0.85,0.19582,Non-controlled
197,moderado,-185.07,0.08,0.57601,Non-controlled
197,baixo,-185.15,1.55,0.04779,Non-controlled
198.47,moderado,-186.7,0.08,1.06436,Non-controlled
199,alto,-186.78,0.5,0.04776,Non-controlled
199,moderado,-187.28,0.85,0.3399,Non-controlled
199,baixo,-188.13,5.26,0.57887,Non-controlled
203,moderado,-193.39,0.08,3.60121,Non-controlled
203,alto,-193.47,1.34,0.04734,Non-controlled
204,baixo,-194.81,2.81,0.92083,Non-controlled
206,alto,-197.62,0.08,1.92366,Non-controlled
206,moderado,-197.7,0.15,0.04769,Non-controlled
206,baixo,-197.85,0.71,0.09717,Non-controlled
207,alto,-198.56,0.57,0.48302,Non-controlled
207,moderado,-199.13,0.22,0.38834,Non-controlled
207,baixo,-199.35,5.05,0.14393,Non-controlled
211,moderado,-204.4,0.15,3.46016,Non-controlled
211,baixo,-204.55,3.09,0.09714,Non-controlled
213,alto,-207.64,0.64,2.11876,Non-controlled
213,moderado,-208.28,0.15,0.43557,Non-controlled
213,alto,-208.43,0.5,0.09751,Non-controlled
214,moderado,-208.93,0.29,0.34304,Non-controlled
214,baixo,-209.22,0.64,0.19084,Non-controlled
214,moderado,-209.86,0.36,0.43252,Non-controlled
215,baixo,-210.22,2.46,0.23976,Non-controlled
216,alto,-212.68,0.5,1.68431,Non-controlled
217,moderado,-213.18,0.08,0.33652,Non-controlled
217,baixo,-213.26,5.19,0.04755,Non-controlled
220,alto,-218.45,0.29,3.55565,Non-controlled
220,moderado,-218.74,0.08,0.19679,Non-controlled
220,alto,-218.82,0.15,0.04754,Non-controlled
220.47,moderado,-218.97,0.08,0.09687,Non-controlled
221,baixo,-219.05,2.88,0.04741,Non-controlled
222,moderado,-221.93,0.15,1.96813,Non-controlled
223,baixo,-222.08,4.77,0.0972,Non-controlled
226,moderado,-226.85,0.15,3.27083,Non-controlled
226,baixo,-227,0.36,0.09724,Non-controlled
226,moderado,-227.36,0.22,0.24676,Non-controlled
226,baixo,-227.58,2.25,0.14403,Non-controlled
228,moderado,-229.83,0.15,1.53595,Non-controlled
228,baixo,-229.98,3.09,0.09647,Non-controlled
230.09,alto,-233.07,0.08,2.11577,Non-controlled
230,moderado,-233.15,0.08,0.04771,Non-controlled
230,baixo,-233.23,4.56,0.04876,Non-controlled
233,moderado,-237.79,0.22,3.11869,Non-controlled
233,baixo,-238.01,1.83,0.14442,Non-controlled
235,moderado,-239.84,0.08,1.25223,Non-controlled
235,baixo,-239.92,2.46,0.04782,Non-controlled
236,alto,-242.38,0.15,1.68384,Non-controlled
237,moderado,-242.53,0.15,0.09762,Non-controlled
236.63,baixo,-242.68,2.04,0.0996,Non-controlled
238,moderado,-244.72,0.29,1.39876,Non-controlled
238,baixo,-245.01,5.19,0.19212,Non-controlled
242,moderado,-250.2,0.08,3.55592,Non-controlled
242,baixo,-250.28,2.88,0.04775,Non-controlled
244,moderado,-253.16,0.08,1.97262,Non-controlled
244,baixo,-253.24,2.25,0.04744,Non-controlled
245,alto,-255.49,1.06,1.54054,Non-controlled
246,moderado,-256.55,0.22,0.72389,Non-controlled
246,alto,-256.77,1.13,0.14386,Non-controlled
247,moderado,-257.9,0.08,0.76845,Non-controlled
247,baixo,-257.98,0.43,0.04711,Non-controlled
247,moderado,-258.41,0.15,0.28823,Non-controlled
247,baixo,-258.56,1.13,0.09737,Non-controlled
248,moderado,-259.69,0.08,0.77453,Non-controlled
248,baixo,-259.77,9.18,0.04774,Non-controlled
255,moderado,-268.95,0.08,6.43275,Non-controlled
255,baixo,-269.03,1.69,0.04697,Non-controlled
256,moderado,-270.72,0.15,1.16876,Non-controlled
256,alto,-270.87,0.36,0.09721,Non-controlled
256.27,moderado,-271.23,0.43,0.24727,Non-controlled
257,alto,-271.66,0.15,0.29184,Non-controlled
257,moderado,-271.81,0.08,0.09707,Non-controlled
257,baixo,-271.89,2.74,0.04995,Non-controlled
259,alto,-274.63,0.5,2,Non-controlled
259,moderado,-275.13,0.15,0.34001,Non-controlled
259,alto,-275.28,0.36,0.09632,Non-controlled
259,moderado,-275.64,0.08,0.24274,Non-controlled
259,baixo,-275.72,3.72,0.04776,Non-controlled
262,alto,-279.44,1.9,2.54517,Non-controlled
263,moderado,-281.34,0.15,1.29996,Non-controlled
263,baixo,-281.49,0.85,0.09656,Non-controlled
264,alto,-282.34,1.06,0.57532,Non-controlled
265,moderado,-283.4,0.15,0.72016,Non-controlled
265,alto,-283.55,0.71,0.09646,Non-controlled
265,moderado,-284.26,0.08,0.47956,Non-controlled
265,alto,-284.34,1.13,0.04733,Non-controlled
266,moderado,-285.47,0.15,0.7681,Non-controlled
266,baixo,-285.62,3.79,0.09767,Non-controlled
269,moderado,-289.41,0.08,2.59482,Non-controlled
269,baixo,-289.49,5.4,0.04768,Non-controlled
272,moderado,-294.89,0.15,3.70394,Non-controlled
272,baixo,-295.04,1.41,0.09613,Non-controlled
273,alto,-296.45,0.78,0.95977,Non-controlled
274,moderado,-297.23,0.08,0.53189,Non-controlled
274,baixo,-297.31,1.97,0.04858,Non-controlled
275,moderado,-299.28,0.08,1.34287,Non-controlled
275,alto,-299.36,0.71,0.04825,Non-controlled
276,baixo,-300.07,7.78,0.48104,Non-controlled
281,alto,-307.85,0.78,5.33135,Non-controlled
282,moderado,-308.63,0.15,0.53159,Non-controlled
282,baixo,-308.78,0.36,0.0982,Non-controlled
282,moderado,-309.14,0.08,0.24611,Non-controlled
282,baixo,-309.22,5.75,0.04859,Non-controlled
286,moderado,-314.97,0.08,3.94011,Non-controlled
286,alto,-315.05,0.36,0.04783,Non-controlled
286,moderado,-315.41,0.15,0.24814,Non-controlled
286,baixo,-315.56,1.69,0.09712,Non-controlled
288,alto,-317.25,0.5,1.15915,Non-controlled
288,moderado,-317.75,0.08,0.33962,Non-controlled
288,baixo,-317.83,1.76,0.04784,Non-controlled
289,alto,-319.59,0.92,1.20008,Non-controlled
290,moderado,-320.51,0.5,0.62752,Non-controlled
290,alto,-321.01,4.35,0.34042,Non-controlled
293,moderado,-325.36,0.08,2.97981,Non-controlled
293,baixo,-325.44,6.94,0.04769,Non-controlled
298,moderado,-332.38,0.08,4.75647,Non-controlled
298,alto,-332.46,0.64,0.04797,Non-controlled
298,moderado,-333.1,0.29,0.43571,Non-controlled
299,baixo,-333.39,0.08,0.19614,Non-controlled
299,alto,-333.47,0.71,0.04804,Non-controlled
299,moderado,-334.18,0.29,0.48425,Non-controlled
299.39,baixo,-334.47,0.29,0.19622,Non-controlled
300,alto,-334.76,0.99,0.19199,Non-controlled
300,moderado,-335.75,0.15,0.6759,Non-controlled
300,baixo,-335.9,9.81,0.09751,Non-controlled
307,alto,-345.71,0.08,6.72251,Non-controlled
307,moderado,-345.79,0.08,0.04753,Non-controlled
307,baixo,-345.87,3.44,0.04861,Non-controlled
310,alto,-349.31,0.29,2.3595,Non-controlled
310,baixo,-349.6,0.15,0.19533,Non-controlled
310,alto,-349.75,0.36,0.09677,Non-controlled
310,moderado,-350.11,0.08,0.24034,Non-controlled
310,baixo,-350.19,3.58,0.04685,Non-controlled
313,alto,-353.77,0.92,2.45707,Non-controlled
313,moderado,-354.69,0.15,0.62793,Non-controlled
313,baixo,-354.84,2.53,0.09648,Non-controlled
315,moderado,-357.37,0.22,1.72705,Non-controlled
315,baixo,-357.59,1.13,0.14812,Non-controlled
316,moderado,-358.72,0.64,0.77225,Non-controlled
316,baixo,-359.36,1.76,0.43587,Non-controlled
318,alto,-361.12,0.08,1.20424,Non-controlled
318,moderado,-361.2,0.29,0.04771,Non-controlled
318,baixo,-361.49,3.02,0.19617,Non-controlled
320,alto,-364.51,0.57,2.06818,Non-controlled
320,moderado,-365.08,0.15,0.38819,Non-controlled
320,baixo,-365.23,0.85,0.09721,Non-controlled
321,moderado,-366.08,0.08,0.58263,Non-controlled
321,baixo,-366.16,1.06,0.04787,Non-controlled
321.73,moderado,-367.22,0.08,0.7202,Non-controlled
322,baixo,-367.3,7.22,0.04748,Non-controlled
327,moderado,-374.52,0.22,4.95241,Non-controlled
327,baixo,-374.74,4.35,0.1478,Non-controlled
330,alto,-379.09,0.78,2.97498,Non-controlled
330,moderado,-379.87,0.15,0.52872,Non-controlled
330,baixo,-380.02,1.69,0.09777,Non-controlled
332,moderado,-381.71,0.08,1.15877,Non-controlled
332,alto,-381.79,1.55,0.04771,Non-controlled
333,moderado,-383.34,0.08,1.05598,Non-controlled
333,baixo,-383.42,1.9,0.0481,Non-controlled
334,alto,-385.32,0.99,1.29998,Non-controlled
335,moderado,-386.31,0.15,0.67507,Non-controlled
335,baixo,-386.46,3.58,0.09842,Non-controlled
337,alto,-390.04,0.78,2.45483,Non-controlled
338,moderado,-390.82,0.15,0.52764,Non-controlled
338,alto,-390.97,0.43,0.09673,Non-controlled
338,moderado,-391.4,0.08,0.28744,Non-controlled
338,alto,-391.48,0.08,0.04781,Non-controlled
338,baixo,-391.56,1.27,0.04835,Non-controlled
339,alto,-392.83,0.5,0.86374,Non-controlled
340,moderado,-393.33,0.08,0.34006,Non-controlled
340,baixo,-393.41,5.33,0.04741,Non-controlled
343,alto,-398.74,0.08,3.66449,Non-controlled
343,moderado,-398.82,0.08,0.04788,Non-controlled
343,baixo,-398.9,4.42,0.04877,Non-controlled
346,moderado,-403.32,0.08,3.02382,Non-controlled
346,baixo,-403.4,0.64,0.04698,Non-controlled
347,moderado,-404.04,0.08,0.43674,Non-controlled
347,baixo,-404.12,0.71,0.04772,Non-controlled
347,moderado,-404.83,0.08,0.48793,Non-controlled
347,alto,-404.91,0.08,0.04812,Non-controlled
347,moderado,-404.99,0.15,0.04954,Non-controlled
348,baixo,-405.14,3.72,0.09907,Non-controlled
350,moderado,-408.86,0.22,2.54379,Non-controlled
350,alto,-409.08,0.22,0.14715,Non-controlled
350,moderado,-409.3,0.29,0.14474,Non-controlled
350.61,baixo,-409.59,1.69,0.19606,Non-controlled
352,moderado,-411.28,0.08,1.15593,Non-controlled
352,baixo,-411.36,0.15,0.04776,Non-controlled
352,moderado,-411.51,0.15,0.09746,Non-controlled
352,baixo,-411.66,0.57,0.10015,Non-controlled
352,alto,-412.23,1.27,0.39065,Non-controlled
353,moderado,-413.5,0.08,0.86362,Non-controlled
353,baixo,-413.58,2.39,0.04786,Non-controlled
354.95,alto,-415.97,0.22,1.63665,Non-controlled
355,moderado,-416.19,0.22,0.14771,Non-controlled
355,baixo,-416.41,0.99,0.14406,Non-controlled
356,alto,-417.4,0.22,0.67619,Non-controlled
356,moderado,-417.62,0.22,0.1438,Non-controlled
356,alto,-417.84,0.15,0.14805,Non-controlled
356,moderado,-417.99,0.15,0.09731,Non-controlled
356,baixo,-418.14,5.19,0.10008,Non-controlled
360,alto,-423.33,0.15,3.5586,Non-controlled
360,moderado,-423.48,0.08,0.09735,Non-controlled
360,alto,-423.56,0.15,0.05053,Non-controlled
360.21,moderado,-423.71,0.36,0.09722,Non-controlled
360,baixo,-424.07,1.9,0.24696,Non-controlled
362,moderado,-425.97,0.08,1.29944,Non-controlled
362,baixo,-426.05,3.93,0.04789,Non-controlled
364,moderado,-429.98,0.08,2.69142,Non-controlled
365,baixo,-430.06,3.37,0.04792,Non-controlled
367,moderado,-433.43,0.15,2.30516,Non-controlled
367,baixo,-433.58,11.91,0.09665,Non-controlled
375,moderado,-445.49,0.29,8.16353,Non-controlled
375,alto,-445.78,0.92,0.19135,Non-controlled
376,moderado,-446.7,0.08,0.62458,Non-controlled
376,baixo,-446.78,2.81,0.04702,Non-controlled
378,alto,-449.59,0.36,1.92098,Non-controlled
378,moderado,-449.95,0.15,0.23996,Non-controlled
378,baixo,-450.1,0.57,0.09734,Non-controlled
379,moderado,-450.67,0.22,0.39039,Non-controlled
379,baixo,-450.89,2.67,0.14431,Non-controlled
381,moderado,-453.56,0.15,1.82808,Non-controlled
381,baixo,-453.71,0.15,0.09735,Non-controlled
380.79,alto,-453.86,0.43,0.09902,Non-controlled
381,moderado,-454.29,0.08,0.29109,Non-controlled
381,baixo,-454.37,1.13,0.04773,Non-controlled
382,alto,-455.5,0.92,0.77706,Non-controlled
383,moderado,-456.42,0.15,0.62701,Non-controlled
383,baixo,-456.57,0.29,0.09796,Non-controlled
383,moderado,-456.86,0.15,0.19821,Non-controlled
383,alto,-457.01,1.76,0.09781,Non-controlled
384,moderado,-458.77,0.22,1.20269,Non-controlled
384,baixo,-458.99,4.42,0.14402,Non-controlled
387,moderado,-463.41,0.22,3.02785,Non-controlled
387.45,alto,-463.63,0.43,0.14827,Non-controlled
388,moderado,-464.06,0.29,0.29132,Non-controlled
388,baixo,-464.35,2.95,0.19632,Non-controlled
390,moderado,-467.3,0.29,2.01642,Non-controlled
390,alto,-467.59,0.08,0.19563,Non-controlled
390,moderado,-467.67,0.08,0.04778,Non-controlled
390,baixo,-467.75,0.08,0.04873,Non-controlled
390,alto,-467.83,0.85,0.04888,Non-controlled
391,moderado,-468.68,0.08,0.58282,Non-controlled
391,alto,-468.76,0.43,0.04749,Non-controlled
391,moderado,-469.19,0.15,0.28765,Non-controlled
391,alto,-469.34,0.36,0.09831,Non-controlled
392,moderado,-469.7,0.08,0.24661,Non-controlled
392,baixo,-469.78,0.08,0.04775,Non-controlled
392,alto,-469.86,0.22,0.0496,Non-controlled
392,moderado,-470.08,0.08,0.15059,Non-controlled
392,alto,-470.16,0.36,0.04773,Non-controlled
392,moderado,-470.52,0.5,0.24359,Non-controlled
392,baixo,-471.02,6.52,0.33691,Non-controlled
397,moderado,-477.54,0.22,4.46757,Non-controlled
397,baixo,-477.76,3.72,0.14823,Non-controlled
400,moderado,-481.48,0.15,2.54717,Non-controlled
400,baixo,-481.63,11.14,0.09739,Non-controlled
407.33,moderado,-492.77,0.15,7.63554,Non-controlled
407,baixo,-492.92,0.36,0.09694,Non-controlled
408,moderado,-493.28,0.22,0.24685,Non-controlled
408,alto,-493.5,0.29,0.14809,Non-controlled
408,moderado,-493.79,0.22,0.19522,Non-controlled
408,baixo,-494.01,7.15,0.14394,Non-controlled
413,moderado,-501.16,0.15,4.89624,Non-controlled
413,baixo,-501.31,1.41,0.09729,Non-controlled
414,moderado,-502.72,0.15,0.95938,Non-controlled
414,baixo,-502.87,1.13,0.09709,Non-controlled
415,alto,-504,0.43,0.77492,Non-controlled
415,moderado,-504.43,0.08,0.28823,Non-controlled
415,baixo,-504.51,1.06,0.0471,Non-controlled
416,moderado,-505.57,0.08,0.7248,Non-controlled
416,baixo,-505.65,2.04,0.04795,Non-controlled
417.49,moderado,-507.69,0.08,1.3962,Non-controlled
418,baixo,-507.77,1.55,0.04796,Non-controlled
419,moderado,-509.32,0.08,1.05595,Non-controlled
419,baixo,-509.4,8.41,0.04781,Non-controlled
424,alto,-517.81,0.57,5.76756,Non-controlled
425,moderado,-518.38,0.08,0.38862,Non-controlled
425,baixo,-518.46,4.21,0.04685,Non-controlled
427.73,moderado,-522.67,0.15,2.88522,Non-controlled
428,baixo,-522.82,4.35,0.09659,Non-controlled
431,alto,-527.17,0.5,2.9753,Non-controlled
431,moderado,-527.67,0.08,0.33565,Non-controlled
431,baixo,-527.75,3.44,0.04784,Non-controlled
434,alto,-531.19,2.39,2.35652,Non-controlled
435,moderado,-533.58,0.29,1.63472,Non-controlled
435,baixo,-533.87,0.99,0.19281,Non-controlled
436,alto,-534.86,0.15,0.67273,Non-controlled
436,moderado,-535.01,0.15,0.09699,Non-controlled
436,baixo,-535.16,5.89,0.09921,Non-controlled
440,alto,-541.05,0.5,4,Non-controlled
441,moderado,-541.55,0.15,0.3365,Non-controlled
441,baixo,-541.7,1.06,0.09751,Non-controlled
441,alto,-542.76,0.57,0.72559,Non-controlled
442,moderado,-543.33,0.08,0.38893,Non-controlled
442,baixo,-543.41,1.76,0.04768,Non-controlled
443,alto,-545.17,0.15,1.20018,Non-controlled
443,moderado,-545.32,0.08,0.09706,Non-controlled
443,baixo,-545.4,1.83,0.04667,Non-controlled
444,alto,-547.23,0.64,1.2517,Non-controlled
445,moderado,-547.87,0.08,0.43634,Non-controlled
445,baixo,-547.95,0.22,0.04802,Non-controlled
445,moderado,-548.17,0.15,0.14815,Non-controlled
445.19,baixo,-548.32,7.01,0.09639,Non-controlled
450,moderado,-555.33,0.22,4.79978,Non-controlled
450,baixo,-555.55,0.29,0.14422,Non-controlled
450,alto,-555.84,0.15,0.19155,Non-controlled
450,moderado,-555.99,0.08,0.09647,Non-controlled
450,baixo,-556.07,2.88,0.04684,Non-controlled
452,moderado,-558.95,0.15,1.9732,Non-controlled
453,baixo,-559.1,5.47,0.09702,Non-controlled
456,moderado,-564.57,0.08,3.75072,Non-controlled
456,baixo,-564.65,1.97,0.04768,Non-controlled
458,alto,-566.62,1.06,1.34782,Non-controlled
458.41,moderado,-567.68,0.08,0.72461,Non-controlled
458,baixo,-567.76,0.92,0.04709,Non-controlled
459,alto,-568.68,0.22,0.63277,Non-controlled
459,moderado,-568.9,0.15,0.14801,Non-controlled
459,baixo,-569.05,0.71,0.09716,Non-controlled
460,moderado,-569.76,0.08,0.48293,Non-controlled
460,baixo,-569.84,1.83,0.04717,Non-controlled
461,moderado,-571.67,0.08,1.25233,Non-controlled
461,baixo,-571.75,0.5,0.04746,Non-controlled
462,alto,-572.25,0.85,0.33693,Non-controlled
462,moderado,-573.1,0.36,0.57616,Non-controlled
462,baixo,-573.46,4.14,0.24353,Non-controlled
465,alto,-577.6,0.15,2.8312,Non-controlled
465.25,moderado,-577.75,0.08,0.09803,Non-controlled
465,baixo,-577.83,3.23,0.05082,Non-controlled
468,alto,-581.06,0.22,2.21198,Non-controlled
468,moderado,-581.28,0.22,0.14439,Non-controlled
467.8,baixo,-581.5,4,0.14287,Non-controlled
471,alto,-585.5,0.64,2.7365,Non-controlled
471,moderado,-586.14,0.08,0.43611,Non-controlled
471,baixo,-586.22,2.39,0.0485,Non-controlled
473,alto,-588.61,0.64,1.63186,Non-controlled
473,moderado,-589.25,0.08,0.43568,Non-controlled
473,baixo,-589.33,4.91,0.04758,Non-controlled
477,moderado,-594.24,0.15,3.36484,Non-controlled
477,baixo,-594.39,2.53,0.09721,Non-controlled
478,alto,-596.92,0.36,1.73478,Non-controlled
479,moderado,-597.28,0.15,0.2436,Non-controlled
479,alto,-597.43,2.39,0.09741,Non-controlled
480,moderado,-599.82,0.36,1.63895,Non-controlled
481,baixo,-600.18,10.09,0.24396,Non-controlled
487.47,moderado,-610.27,0.43,6.91217,Non-controlled
488,baixo,-610.7,1.34,0.29191,Non-controlled
489,moderado,-612.04,0.29,0.91547,Non-controlled
489,baixo,-612.33,0.71,0.19617,Non-controlled
489,moderado,-613.04,0.15,0.48446,Non-controlled
489,alto,-613.19,0.36,0.09623,Non-controlled
490,moderado,-613.55,0.08,0.23962,Non-controlled
490,baixo,-613.63,1.9,0.04798,Non-controlled
491,alto,-615.53,0.57,1.29616,Non-controlled
491,moderado,-616.1,0.15,0.38768,Non-controlled
492,baixo,-616.25,6.59,0.09644,Non-controlled
496,moderado,-622.84,0.15,4.51956,Non-controlled
496,baixo,-622.99,1.13,0.09626,Non-controlled
497,alto,-624.12,2.74,0.77048,Non-controlled
499,moderado,-626.86,0.36,1.87334,Non-controlled
499,alto,-627.22,0.15,0.24024,Non-controlled
499,moderado,-627.37,0.08,0.09717,Non-controlled
499,baixo,-627.45,0.78,0.05053,Non-controlled
500,moderado,-628.23,0.08,0.53218,Non-controlled
500,baixo,-628.31,5.96,0.04785,Non-controlled
503.83,moderado,-634.27,0.15,4.08027,Non-controlled
504,alto,-634.42,1.06,0.09718,Non-controlled
505,moderado,-635.48,0.08,0.72621,Non-controlled
505,baixo,-635.56,4.14,0.04777,Non-controlled
508,moderado,-639.7,0.29,2.83673,Non-controlled
508,baixo,-639.99,0.78,0.19589,Non-controlled
508,moderado,-640.77,0.15,0.52794,Non-controlled
508,baixo,-640.92,2.46,0.09669,Non-controlled
510,moderado,-643.38,0.29,1.67846,Non-controlled
510,baixo,-643.67,12.05,0.19285,Non-controlled
518,alto,-655.72,0.22,8.26002,Non-controlled
519,moderado,-655.94,0.08,0.14327,Non-controlled
519,baixo,-656.02,4.07,0.04809,Non-controlled
521,moderado,-660.09,0.29,2.79649,Non-controlled
522,baixo,-660.38,1.69,0.19592,Non-controlled
523,moderado,-662.07,0.29,1.15244,Non-controlled
523,alto,-662.36,0.08,0.19137,Non-controlled
523,moderado,-662.44,0.22,0.04865,Non-controlled
523,baixo,-662.66,4.07,0.14797,Non-controlled
526,moderado,-666.73,0.36,2.78744,Non-controlled
526,baixo,-667.09,3.16,0.24028,Non-controlled
528,moderado,-670.25,0.29,2.16408,Non-controlled
529,baixo,-670.54,2.46,0.19219,Non-controlled
530,moderado,-673,0.08,1.67984,Non-controlled
530,baixo,-673.08,6.17,0.04762,Non-controlled
535,moderado,-679.25,0.08,4.22441,Non-controlled
535,baixo,-679.33,2.18,0.04785,Non-controlled
536,moderado,-681.51,0.29,1.48836,Non-controlled
536,alto,-681.8,0.43,0.19557,Non-controlled
537,moderado,-682.23,0.08,0.29218,Non-controlled
537,baixo,-682.31,1.34,0.04791,Non-controlled
538,moderado,-683.65,0.15,0.91571,Non-controlled
538,baixo,-683.8,4.49,0.09688,Non-controlled
541,alto,-688.29,0.43,3.07139,Non-controlled
541,moderado,-688.72,0.29,0.28792,Non-controlled
541,baixo,-689.01,1.76,0.19602,Non-controlled
542,alto,-690.77,0.15,1.20011,Non-controlled
542,baixo,-690.92,0.78,0.09702,Non-controlled
543,alto,-691.7,1.48,0.53102,Non-controlled
544,moderado,-693.18,0.08,1.01212,Non-controlled
544,baixo,-693.26,7.78,0.04736,Non-controlled
549,alto,-701.04,0.64,5.3327,Non-controlled
549.84,moderado,-701.68,0.08,0.43064,Non-controlled
550,alto,-701.76,0.08,0.04909,Non-controlled
550,moderado,-701.84,0.15,0.04907,Non-controlled
550,baixo,-701.99,0.92,0.09569,Non-controlled
551,moderado,-702.91,0.15,0.62275,Non-controlled
551,baixo,-703.06,5.12,0.09792,Non-controlled
554,alto,-708.18,0.64,3.51069,Non-controlled
555,moderado,-708.82,0.15,0.43613,Non-controlled
555,baixo,-708.97,0.08,0.09727,Non-controlled
555,alto,-709.05,0.29,0.04963,Non-controlled
555,moderado,-709.34,0.57,0.19303,Non-controlled
555,baixo,-709.91,2.46,0.38774,Non-controlled
557,moderado,-712.37,0.08,1.68036,Non-controlled
557,baixo,-712.45,0.22,0.04779,Non-controlled
557,moderado,-712.67,0.08,0.14812,Non-controlled
557,baixo,-712.75,3.02,0.0476,Non-controlled
559,alto,-715.77,0.78,2.06461,Non-controlled
560,moderado,-716.55,0.08,0.52766,Non-controlled
560,baixo,-716.63,3.37,0.04765,Non-controlled
562,moderado,-720,0.08,2.30833,Non-controlled
562,alto,-720.08,0.08,0.04746,Non-controlled
562,moderado,-720.16,0.15,0.04963,Non-controlled
562,alto,-720.31,1.55,0.0998,Non-controlled
564,moderado,-721.86,0.5,1.05916,Non-controlled
564,baixo,-722.36,4.35,0.33962,Non-controlled
567,alto,-726.71,0.08,2.97673,Non-controlled
567,moderado,-726.79,0.08,0.04821,Non-controlled
566.97,alto,-726.87,0.29,0.04869,Non-controlled
567,moderado,-727.16,0.29,0.19097,Non-controlled
567,baixo,-727.45,2.25,0.19228,Non-controlled
569,moderado,-729.7,0.08,1.5398,Non-controlled
569,alto,-729.78,0.15,0.04803,Non-controlled
569,moderado,-729.93,0.08,0.10076,Non-controlled
569,baixo,-730.01,1.34,0.04776,Non-controlled
570,moderado,-731.35,0.08,0.91192,Non-controlled
570,baixo,-731.43,2.11,0.04741,Non-controlled
571,alto,-733.54,0.85,1.44835,Non-controlled
572,moderado,-734.39,0.08,0.57556,Non-controlled
572,baixo,-734.47,1.69,0.04851,Non-controlled
573,moderado,-736.16,0.22,1.15615,Non-controlled
573,baixo,-736.38,1.13,0.14337,Non-controlled
574,moderado,-737.51,0.22,0.77225,Non-controlled
574,baixo,-737.73,0.22,0.14461,Non-controlled
574,alto,-737.95,0.15,0.14761,Non-controlled
575,moderado,-738.1,0.43,0.0976,Non-controlled
575,baixo,-738.53,0.5,0.28969,Non-controlled
575,moderado,-739.03,0.08,0.33715,Non-controlled
575,baixo,-739.11,0.08,0.04788,Non-controlled
575,alto,-739.19,0.15,0.04878,Non-controlled
575,moderado,-739.34,0.57,0.10052,Non-controlled
576,baixo,-739.91,0.5,0.3909,Non-controlled
576,alto,-740.41,0.08,0.33965,Non-controlled
576,moderado,-740.49,0.29,0.04794,Non-controlled
576,baixo,-740.78,0.22,0.1963,Non-controlled
577,moderado,-741,0.15,0.14717,Non-controlled
577,baixo,-741.15,1.13,0.0975,Non-controlled
577,alto,-742.28,4,0.77115,Non-controlled
580,moderado,-746.28,0.08,2.7404,Non-controlled
580,baixo,-746.36,0.43,0.04753,Non-controlled
580,alto,-746.79,0.78,0.28788,Non-controlled
581,moderado,-747.57,0.15,0.53243,Non-controlled
581,alto,-747.72,0.36,0.09729,Non-controlled
581,moderado,-748.08,0.29,0.24608,Non-controlled
582,baixo,-748.37,0.78,0.19653,Non-controlled
582,moderado,-749.15,0.08,0.53213,Non-controlled
582,baixo,-749.23,2.32,0.04704,Non-controlled
584,alto,-751.55,0.57,1.58868,Non-controlled
584,moderado,-752.12,0.08,0.38364,Non-controlled
584,baixo,-752.2,5.89,0.04786,Non-controlled
588,alto,-758.09,1.06,4.03219,Non-controlled
589,moderado,-759.15,0.43,0.72001,Non-controlled
589,baixo,-759.58,1.13,0.28851,Non-controlled
590,alto,-760.71,0.57,0.77185,Non-controlled
590,moderado,-761.28,0.22,0.38401,Non-controlled
590,baixo,-761.5,1.2,0.14817,Non-controlled
591,moderado,-762.7,0.08,0.81999,Non-controlled
591,baixo,-762.78,1.13,0.04777,Non-controlled
592,alto,-763.91,1.62,0.77183,Non-controlled
593,moderado,-765.53,0.08,1.10838,Non-controlled
593,baixo,-765.61,0.57,0.04778,Non-controlled
594,moderado,-766.18,0.08,0.39212,Non-controlled
594,baixo,-766.26,0.92,0.0475,Non-controlled
594,moderado,-767.18,0.15,0.62823,Non-controlled
594,baixo,-767.33,0.29,0.09749,Non-controlled
595,moderado,-767.62,0.43,0.19489,Non-controlled
595,baixo,-768.05,1.48,0.29204,Non-controlled
596,moderado,-769.53,0.29,1.0116,Non-controlled
596,baixo,-769.82,1.48,0.19645,Non-controlled
597,alto,-771.3,0.08,1.00787,Non-controlled
597,moderado,-771.38,0.15,0.04798,Non-controlled
597,baixo,-771.53,4.35,0.10125,Non-controlled
600,moderado,-775.88,0.15,2.98216,Non-controlled
600,alto,-776.03,0.22,0.09783,Non-controlled
601,moderado,-776.25,0.08,0.15074,Non-controlled
600.58,alto,-776.33,0.71,0.04714,Non-controlled
601,moderado,-777.04,0.15,0.4843,Non-controlled
601,alto,-777.19,0.15,0.09717,Non-controlled
601,moderado,-777.34,0.22,0.09614,Non-controlled
601,baixo,-777.56,0.29,0.14332,Non-controlled
602,alto,-777.85,1.27,0.19579,Non-controlled
602,moderado,-779.12,0.08,0.8669,Non-controlled
603,baixo,-779.2,3.02,0.04898,Non-controlled
605,alto,-782.22,0.15,2.06437,Non-controlled
605,moderado,-782.37,0.22,0.09721,Non-controlled
605,baixo,-782.59,0.43,0.14641,Non-controlled
605,moderado,-783.02,0.29,0.28776,Non-controlled
605,baixo,-783.31,0.64,0.19245,Non-controlled
606,alto,-783.95,0.22,0.43215,Non-controlled
606,moderado,-784.17,0.15,0.14385,Non-controlled
606,baixo,-784.32,3.65,0.09721,Non-controlled
608,alto,-787.97,0.15,2.49875,Non-controlled
608.57,moderado,-788.12,0.08,0.09728,Non-controlled
609,baixo,-788.2,5.47,0.04653,Non-controlled
612,alto,-793.67,0.22,3.74866,Non-controlled
613,moderado,-793.89,0.08,0.14366,Non-controlled
613,baixo,-793.97,1.41,0.04788,Non-controlled
614,moderado,-795.38,0.08,0.96448,Non-controlled
614,baixo,-795.46,2.25,0.0477,Non-controlled
615,moderado,-797.71,0.22,1.54004,Non-controlled
615,alto,-797.93,1.06,0.14397,Non-controlled
616,moderado,-798.99,0.15,0.72403,Non-controlled
616,baixo,-799.14,0.08,0.09685,Non-controlled
616,moderado,-799.22,0.29,0.04689,Non-controlled
616,baixo,-799.51,0.29,0.19584,Non-controlled
617,alto,-799.8,1.13,0.1966,Non-controlled
617,moderado,-800.93,0.22,0.76799,Non-controlled
617,alto,-801.15,0.85,0.14732,Non-controlled
618,moderado,-802,0.08,0.58018,Non-controlled
618,alto,-802.08,0.5,0.04785,Non-controlled
618,moderado,-802.58,0.08,0.34439,Non-controlled
618,baixo,-802.66,1.34,0.04827,Non-controlled
619.36,alto,-804,0.22,0.91078,Non-controlled
620,baixo,-804.22,3.16,0.14525,Non-controlled
622,moderado,-807.38,0.08,2.1589,Non-controlled
622,alto,-807.46,0.08,0.04824,Non-controlled
622,moderado,-807.54,0.22,0.04902,Non-controlled
622,baixo,-807.76,2.95,0.14375,Non-controlled
624,alto,-810.71,0.22,2.01552,Non-controlled
624,moderado,-810.93,0.08,0.14447,Non-controlled
624,alto,-811.01,0.29,0.04747,Non-controlled
624,moderado,-811.3,0.15,0.19636,Non-controlled
624,baixo,-811.45,3.65,0.09703,Non-controlled
627,alto,-815.1,1.41,2.4946,Non-controlled
628,moderado,-816.51,0.08,0.96432,Non-controlled
628,baixo,-816.59,0.5,0.04803,Non-controlled
628,alto,-817.09,1.06,0.33562,Non-controlled
629,moderado,-818.15,0.29,0.7247,Non-controlled
629,baixo,-818.44,1.48,0.1959,Non-controlled
630,moderado,-819.92,0.15,1.0119,Non-controlled
630,alto,-820.07,0.5,0.09638,Non-controlled
631,moderado,-820.57,0.08,0.33975,Non-controlled
631,baixo,-820.65,1.62,0.04695,Non-controlled
632,moderado,-822.27,0.08,1.10908,Non-controlled
632,baixo,-822.35,1.13,0.04748,Non-controlled
633,alto,-823.48,0.08,0.77217,Non-controlled
633,moderado,-823.56,0.22,0.04751,Non-controlled
633,baixo,-823.78,2.18,0.15271,Non-controlled
634,moderado,-825.96,0.08,1.49207,Non-controlled
634,baixo,-826.04,0.15,0.04758,Non-controlled
634,alto,-826.19,0.29,0.09763,Non-controlled
635,moderado,-826.48,0.15,0.19478,Non-controlled
635,baixo,-826.63,2.04,0.09718,Non-controlled
636,alto,-828.67,0.78,1.39858,Non-controlled
637,moderado,-829.45,0.22,0.5316,Non-controlled
637,alto,-829.67,0.57,0.14847,Non-controlled
637,moderado,-830.24,0.22,0.38339,Non-controlled
637,baixo,-830.46,1.27,0.14471,Non-controlled
638,alto,-831.73,0.5,0.86796,Non-controlled
639,moderado,-832.23,0.64,0.33938,Non-controlled
638.97,baixo,-832.87,4.42,0.43288,Non-controlled
642,moderado,-837.29,0.08,3.02789,Non-controlled
642,baixo,-837.37,1.83,0.04717,Non-controlled
643,alto,-839.2,0.43,1.25277,Non-controlled
643.59,moderado,-839.63,0.36,0.29219,Non-controlled
644,alto,-839.99,0.15,0.24397,Non-controlled
643.93,moderado,-840.14,0.22,0.09657,Non-controlled
644,baixo,-840.36,1.48,0.14336,Non-controlled
645,alto,-841.84,0.22,1.01155,Non-controlled
645,moderado,-842.06,0.22,0.14438,Non-controlled
645,baixo,-842.28,9.18,0.14783,Non-controlled
652,moderado,-851.46,0.29,6.29224,Non-controlled
652,alto,-851.75,0.29,0.20001,Non-controlled
652,moderado,-852.04,0.08,0.19595,Non-controlled
652,baixo,-852.12,0.99,0.0478,Non-controlled
653,alto,-853.11,0.71,0.67218,Non-controlled
653,moderado,-853.82,0.29,0.4795,Non-controlled
653,alto,-854.11,1.62,0.19648,Non-controlled
654.57,moderado,-855.73,0.08,1.1083,Non-controlled
655,baixo,-855.81,1.27,0.04763,Non-controlled
655,moderado,-857.08,0.15,0.86409,Non-controlled
656,baixo,-857.23,0.64,0.09622,Non-controlled
656,moderado,-857.87,0.15,0.43122,Non-controlled
656,alto,-858.02,0.5,0.0977,Non-controlled
656,moderado,-858.52,0.22,0.34292,Non-controlled
657,baixo,-858.74,0.99,0.14803,Non-controlled
657,moderado,-859.73,0.85,0.67162,Non-controlled
658,baixo,-860.58,0.36,0.57632,Non-controlled
658,alto,-860.94,0.43,0.24392,Non-controlled
658,moderado,-861.37,0.08,0.29209,Non-controlled
658,baixo,-861.45,2.32,0.04744,Non-controlled
660,moderado,-863.77,0.15,1.58866,Non-controlled
660,baixo,-863.92,2.18,0.09715,Non-controlled
662,alto,-866.1,0.64,1.49461,Non-controlled
662,moderado,-866.74,0.08,0.43616,Non-controlled
662,baixo,-866.82,3.3,0.04699,Non-controlled
664,moderado,-870.12,0.08,2.25699,Non-controlled
664,baixo,-870.2,1.55,0.04778,Non-controlled
665,moderado,-871.75,0.15,1.05992,Non-controlled
666,baixo,-871.9,6.31,0.09757,Non-controlled
670,moderado,-878.21,0.08,4.32172,Non-controlled
670,baixo,-878.29,1.06,0.04832,Non-controlled
671,alto,-879.35,0.71,0.72023,Non-controlled
671,moderado,-880.06,0.08,0.48001,Non-controlled
671,baixo,-880.14,2.39,0.04826,Non-controlled
673,moderado,-882.53,0.08,1.64406,Non-controlled
673,alto,-882.61,0.15,0.04787,Non-controlled
673,moderado,-882.76,0.15,0.09621,Non-controlled
673,baixo,-882.91,3.44,0.09706,Non-controlled
675,alto,-886.35,0.5,2.35406,Non-controlled
676,baixo,-886.85,1.83,0.33625,Non-controlled
677,moderado,-888.68,0.15,1.25193,Non-controlled
677,baixo,-888.83,5.82,0.0976,Non-controlled
681,alto,-894.65,1.76,3.98312,Non-controlled
682,moderado,-896.41,0.36,1.20333,Non-controlled
683,baixo,-896.77,5.12,0.2439,Non-controlled
686,moderado,-901.89,0.22,3.50436,Non-controlled
686,baixo,-902.11,1.34,0.14348,Non-controlled
687,alto,-903.45,0.43,0.91261,Non-controlled
687,moderado,-903.88,0.08,0.29226,Non-controlled
687,baixo,-903.96,6.66,0.04786,Non-controlled
692,moderado,-910.62,0.15,4.56369,Non-controlled
692,baixo,-910.77,3.93,0.09776,Non-controlled
695,alto,-914.7,1.2,2.69468,Non-controlled
696,moderado,-915.9,0.15,0.81601,Non-controlled
696,baixo,-916.05,3.09,0.09724,Non-controlled
698,moderado,-919.14,0.08,2.11881,Non-controlled
698,alto,-919.22,0.99,0.04794,Non-controlled
699,moderado,-920.21,0.08,0.67529,Non-controlled
699,baixo,-920.29,1.76,0.04857,Non-controlled
700,moderado,-922.05,0.15,1.20361,Non-controlled
700,baixo,-922.2,3.58,0.09639,Non-controlled
702,moderado,-925.78,0.08,2.44852,Non-controlled
702,alto,-925.86,0.22,0.04726,Non-controlled
702.53,moderado,-926.08,0.43,0.14451,Non-controlled
703,baixo,-926.51,0.15,0.28792,Non-controlled
703,alto,-926.66,2.74,0.09596,Non-controlled
705,moderado,-929.4,0.08,1.87769,Non-controlled
704.84,baixo,-929.48,2.32,0.04918,Non-controlled
706,alto,-931.8,1.13,1.58879,Non-controlled
707,moderado,-932.93,0.08,0.76784,Non-controlled
707,alto,-933.01,0.99,0.04808,Non-controlled
708,moderado,-934,0.43,0.67639,Non-controlled
708,alto,-934.43,0.08,0.29218,Non-controlled
708,moderado,-934.51,0.15,0.04747,Non-controlled
708,baixo,-934.66,0.08,0.09751,Non-controlled
708,alto,-934.74,0.22,0.05024,Non-controlled
709,moderado,-934.96,0.15,0.14804,Non-controlled
709,baixo,-935.11,5.4,0.09732,Non-controlled
712,alto,-940.51,0.29,3.69922,Non-controlled
713,moderado,-940.8,0.08,0.19612,Non-controlled
713,baixo,-940.88,0.71,0.04679,Non-controlled
713,moderado,-941.59,0.22,0.48448,Non-controlled
713.23,baixo,-941.81,0.22,0.1488,Non-controlled
713,alto,-942.03,1.27,0.14792,Non-controlled
714,moderado,-943.3,0.22,0.86362,Non-controlled
714,baixo,-943.52,2.46,0.14841,Non-controlled
716,moderado,-945.98,0.36,1.68336,Non-controlled
716,baixo,-946.34,0.22,0.24455,Non-controlled
716,moderado,-946.56,0.08,0.14803,Non-controlled
717,baixo,-946.64,2.32,0.0479,Non-controlled
718,alto,-948.96,0.22,1.58786,Non-controlled
718,moderado,-949.18,0.15,0.14385,Non-controlled
718,baixo,-949.33,6.17,0.0965,Non-controlled
723,moderado,-955.5,0.08,4.22771,Non-controlled
723,baixo,-955.58,1.9,0.04734,Non-controlled
724,moderado,-957.48,0.22,1.30485,Non-controlled
724,baixo,-957.7,15.13,0.14761,Non-controlled
734,moderado,-972.83,0.29,10,Non-controlled
735,baixo,-973.12,6.1,0.19221,Non-controlled
739,alto,-979.22,0.29,4.18427,Non-controlled
739,moderado,-979.51,0.29,0.19586,Non-controlled
739.21,alto,-979.8,0.08,0.1966,Non-controlled
739,moderado,-979.88,0.22,0.04785,Non-controlled
739,baixo,-980.1,5.33,0.14295,Non-controlled
743,alto,-985.43,0.78,3.65262,Non-controlled
744,moderado,-986.21,0.15,0.53148,Non-controlled
744,baixo,-986.36,3.02,0.09723,Non-controlled
746,moderado,-989.38,0.22,2.06342,Non-controlled
746,baixo,-989.6,3.3,0.14753,Non-controlled
748,moderado,-992.9,0.15,2.26036,Non-controlled
748,baixo,-993.05,0.15,0.09721,Non-controlled
748,alto,-993.2,0.36,0.10011,Non-controlled
749,moderado,-993.56,0.15,0.24651,Non-controlled
749,baixo,-993.71,6.52,0.09734,Non-controlled
753,alto,-1000.23,0.29,4.46698,Non-controlled
753,moderado,-1000.52,0.15,0.19569,Non-controlled
753,baixo,-1000.67,7.36,0.09648,Non-controlled
758,moderado,-1008.03,0.29,5.04329,Non-controlled
759,baixo,-1008.32,6.1,0.19199,Non-controlled
763,moderado,-1014.42,0.29,4.18044,Non-controlled
763,alto,-1014.71,2.25,0.19526,Non-controlled
765,baixo,-1016.96,0.08,1.54077,Non-controlled
765,moderado,-1017.04,0.08,0.04789,Non-controlled
765,baixo,-1017.12,7.78,0.04874,Non-controlled
770,moderado,-1024.9,0.15,5.33129,Non-controlled
770.13,baixo,-1025.05,0.92,0.09706,Non-controlled
771,moderado,-1025.97,0.08,0.63105,Non-controlled
771,alto,-1026.05,0.15,0.04779,Non-controlled
771,moderado,-1026.2,0.08,0.09698,Non-controlled
771,baixo,-1026.28,6.38,0.04706,Non-controlled
775,moderado,-1032.66,0.15,4.37163,Non-controlled
775,baixo,-1032.81,0.22,0.09738,Non-controlled
776,moderado,-1033.03,0.57,0.14237,Non-controlled
776,baixo,-1033.6,0.78,0.3886,Non-controlled
776,alto,-1034.38,0.92,0.53159,Non-controlled
777,moderado,-1035.3,0.15,0.6286,Non-controlled
777,baixo,-1035.45,1.13,0.09727,Non-controlled
778,alto,-1036.58,0.78,0.7706,Non-controlled
779,moderado,-1037.36,0.15,0.53088,Non-controlled
778.61,baixo,-1037.51,0.71,0.09805,Non-controlled
779,alto,-1038.22,0.08,0.48311,Non-controlled
779,moderado,-1038.3,0.15,0.04733,Non-controlled
779,alto,-1038.45,1.34,0.10205,Non-controlled
780,moderado,-1039.79,0.22,0.91417,Non-controlled
780,alto,-1040.01,0.78,0.1445,Non-controlled
781,moderado,-1040.79,0.29,0.53179,Non-controlled
781,baixo,-1041.08,1.55,0.19164,Non-controlled
782,alto,-1042.63,1.62,1.0565,Non-controlled
783,moderado,-1044.25,0.15,1.10404,Non-controlled
783,baixo,-1044.4,2.81,0.0966,Non-controlled
785,moderado,-1047.21,0.15,1.92358,Non-controlled
785,baixo,-1047.36,1.2,0.09719,Non-controlled
786,moderado,-1048.56,0.15,0.82254,Non-controlled
786,baixo,-1048.71,0.29,0.09734,Non-controlled
786,alto,-1049,2.04,0.19481,Non-controlled
788,moderado,-1051.04,0.71,1.39157,Non-controlled
788,baixo,-1051.75,0.29,0.48448,Non-controlled
788,moderado,-1052.04,0.36,0.19593,Non-controlled
789,baixo,-1052.4,2.25,0.24351,Non-controlled
790,alto,-1054.65,0.43,1.5357,Non-controlled
791,moderado,-1055.08,0.29,0.29238,Non-controlled
791,baixo,-1055.37,0.08,0.19633,Non-controlled
791,moderado,-1055.45,0.08,0.04733,Non-controlled
791,baixo,-1055.53,0.08,0.04891,Non-controlled
791,moderado,-1055.61,0.08,0.04851,Non-controlled
791,baixo,-1055.69,0.36,0.04838,Non-controlled
791,moderado,-1056.05,0.08,0.24281,Non-controlled
791,alto,-1056.13,0.78,0.04741,Non-controlled
791.77,moderado,-1056.91,0.08,0.52882,Non-controlled
792,baixo,-1056.99,0.64,0.04791,Non-controlled
792,moderado,-1057.63,0.08,0.43196,Non-controlled
792,baixo,-1057.71,6.52,0.04716,Non-controlled
797,alto,-1064.23,0.15,4.46485,Non-controlled
797,moderado,-1064.38,0.08,0.09618,Non-controlled
797,baixo,-1064.46,0.29,0.04715,Non-controlled
797,moderado,-1064.75,0.22,0.19271,Non-controlled
797,baixo,-1064.97,4.21,0.14362,Non-controlled
800,alto,-1069.18,0.64,2.88425,Non-controlled
801,moderado,-1069.82,0.29,0.43596,Non-controlled
801,baixo,-1070.11,2.95,0.19207,Non-controlled
803,alto,-1073.06,0.57,2.01962,Non-controlled
803,moderado,-1073.63,0.15,0.38381,Non-controlled
803,baixo,-1073.78,3.23,0.09716,Non-controlled
805,alto,-1077.01,0.08,2.21135,Non-controlled
806,moderado,-1077.09,0.43,0.04797,Non-controlled
806,baixo,-1077.52,1.27,0.29166,Non-controlled
807,moderado,-1078.79,0.08,0.86864,Non-controlled
807,baixo,-1078.87,0.36,0.04726,Non-controlled
807,moderado,-1079.23,0.08,0.24052,Non-controlled
807,alto,-1079.31,0.15,0.04681,Non-controlled
807,moderado,-1079.46,0.08,0.09781,Non-controlled
807,baixo,-1079.54,1.06,0.04687,Non-controlled
808,moderado,-1080.6,0.08,0.72012,Non-controlled
808,alto,-1080.68,1.34,0.04791,Non-controlled
809,moderado,-1082.02,0.22,0.91646,Non-controlled
809,alto,-1082.24,0.22,0.14402,Non-controlled
809,baixo,-1082.46,0.57,0.14768,Non-controlled
810,alto,-1083.03,0.43,0.38388,Non-controlled
810,moderado,-1083.46,0.57,0.29209,Non-controlled
810,alto,-1084.03,0.29,0.3836,Non-controlled
810,moderado,-1084.32,0.08,0.19588,Non-controlled
810,baixo,-1084.4,1.55,0.04868,Non-controlled
811,alto,-1085.95,0.5,1.05618,Non-controlled
812,moderado,-1086.45,0.15,0.33981,Non-controlled
812,baixo,-1086.6,0.99,0.09723,Non-controlled
812.6,moderado,-1087.59,0.15,0.67393,Non-controlled
813,baixo,-1087.74,0.22,0.10384,Non-controlled
813,alto,-1087.96,0.78,0.14957,Non-controlled
813,moderado,-1088.74,0.08,0.53693,Non-controlled
813,baixo,-1088.82,1.34,0.05011,Non-controlled
814,alto,-1090.16,0.64,0.93298,Non-controlled
815,moderado,-1090.8,0.15,0.43429,Non-controlled
814.91,baixo,-1090.95,1.69,0.10183,Non-controlled
816,alto,-1092.64,1.97,1.15845,Non-controlled
817,moderado,-1094.61,0.22,1.36075,Non-controlled
818,baixo,-1094.83,5.12,0.14844,Non-controlled
821,moderado,-1099.95,0.08,3.5066,Non-controlled
821,alto,-1100.03,1.62,0.04887,Non-controlled
822,moderado,-1101.65,0.36,1.10455,Non-controlled
822,alto,-1102.01,0.43,0.24418,Non-controlled
823,moderado,-1102.44,0.15,0.28735,Non-controlled
823,baixo,-1102.59,0.5,0.09742,Non-controlled
823,moderado,-1103.09,0.08,0.34239,Non-controlled
823,baixo,-1103.17,0.57,0.04787,Non-controlled
824,alto,-1103.74,0.36,0.38753,Non-controlled
824,moderado,-1104.1,0.57,0.24469,Non-controlled
824,alto,-1104.67,1.2,0.38841,Non-controlled
825,moderado,-1105.87,0.5,0.81586,Non-controlled
825,baixo,-1106.37,0.15,0.33978,Non-controlled
826,alto,-1106.52,0.71,0.09626,Non-controlled
826,moderado,-1107.23,0.36,0.47961,Non-controlled
826,baixo,-1107.59,1.48,0.24056,Non-controlled
827,moderado,-1109.07,0.08,1.01195,Non-controlled
827,baixo,-1109.15,0.5,0.04753,Non-controlled
828,moderado,-1109.65,0.08,0.33994,Non-controlled
828,baixo,-1109.73,3.93,0.04849,Non-controlled
830.39,moderado,-1113.66,0.08,2.69216,Non-controlled
830,baixo,-1113.74,0.71,0.04747,Non-controlled
831,alto,-1114.45,0.36,0.48028,Non-controlled
831,moderado,-1114.81,0.08,0.24016,Non-controlled
831,baixo,-1114.89,0.78,0.04686,Non-controlled
832,alto,-1115.67,0.15,0.53307,Non-controlled
832,moderado,-1115.82,0.22,0.09745,Non-controlled
832,baixo,-1116.04,2.25,0.14634,Non-controlled
834,alto,-1118.29,0.36,1.54008,Non-controlled
834,moderado,-1118.65,0.43,0.24422,Non-controlled
834,baixo,-1119.08,0.36,0.29197,Non-controlled
834,alto,-1119.44,0.08,0.2435,Non-controlled
834,moderado,-1119.52,0.22,0.04829,Non-controlled
834,baixo,-1119.74,2.32,0.14795,Non-controlled
836,alto,-1122.06,0.57,1.58827,Non-controlled
836,moderado,-1122.63,0.08,0.38805,Non-controlled
837,baixo,-1122.71,3.16,0.04748,Non-controlled
839,alto,-1125.87,0.15,2.16358,Non-controlled
839,moderado,-1126.02,0.29,0.09825,Non-controlled
839,baixo,-1126.31,0.08,0.19873,Non-controlled
839,alto,-1126.39,0.64,0.04764,Non-controlled
839,moderado,-1127.03,0.08,0.43223,Non-controlled
840,baixo,-1127.11,1.97,0.04784,Non-controlled
841,moderado,-1129.08,0.08,1.34802,Non-controlled
841,baixo,-1129.16,1.62,0.04788,Non-controlled
842,alto,-1130.78,0.92,1.11162,Non-controlled
843,moderado,-1131.7,0.15,0.62472,Non-controlled
843,baixo,-1131.85,0.85,0.0958,Non-controlled
843,alto,-1132.7,0.92,0.58004,Non-controlled
844,moderado,-1133.62,0.22,0.62821,Non-controlled
844,baixo,-1133.84,1.62,0.14381,Non-controlled
845,moderado,-1135.46,0.29,1.10795,Non-controlled
845,alto,-1135.75,0.71,0.19623,Non-controlled
846,moderado,-1136.46,0.22,0.4831,Non-controlled
846,alto,-1136.68,0.57,0.14873,Non-controlled
846,moderado,-1137.25,0.08,0.38814,Non-controlled
846,baixo,-1137.33,4.63,0.04765,Non-controlled
850,alto,-1141.96,0.08,3.16827,Non-controlled
850,moderado,-1142.04,0.08,0.04773,Non-controlled
850,alto,-1142.12,0.36,0.04867,Non-controlled
850,moderado,-1142.48,0.08,0.24769,Non-controlled
850,baixo,-1142.56,0.36,0.04776,Non-controlled
850,alto,-1142.92,0.15,0.24821,Non-controlled
850,moderado,-1143.07,0.08,0.09697,Non-controlled
850,baixo,-1143.15,12.19,0.05023,Non-controlled
859,alto,-1155.34,0.78,8.36086,Non-controlled
859.31,moderado,-1156.12,0.08,0.53201,Non-controlled
859,baixo,-1156.2,1.13,0.04787,Non-controlled
860,alto,-1157.33,0.43,0.77217,Non-controlled
860,moderado,-1157.76,0.08,0.29177,Non-controlled
860,baixo,-1157.84,4.07,0.04795,Non-controlled
863,moderado,-1161.91,0.08,2.78839,Non-controlled
863,baixo,-1161.99,1.62,0.04762,Non-controlled
864,alto,-1163.61,0.64,1.10409,Non-controlled
865,moderado,-1164.25,0.29,0.43497,Non-controlled
865,baixo,-1164.54,2.74,0.1927,Non-controlled
867,alto,-1167.28,0.08,1.87251,Non-controlled
867,moderado,-1167.36,0.15,0.04757,Non-controlled
867,alto,-1167.51,0.22,0.09677,Non-controlled
867,moderado,-1167.73,0.15,0.14764,Non-controlled
867,baixo,-1167.88,0.08,0.0973,Non-controlled
867,moderado,-1167.96,0.22,0.05045,Non-controlled
867,baixo,-1168.18,0.71,0.14827,Non-controlled
868,moderado,-1168.89,0.08,0.48387,Non-controlled
868,baixo,-1168.97,2.04,0.04708,Non-controlled
869,moderado,-1171.01,0.22,1,Non-controlled
870,baixo,-1171.23,1.83,0.14803,Non-controlled
871,alto,-1173.06,0.08,1.25153,Non-controlled
871,moderado,-1173.14,0.15,0.04796,Non-controlled
870.97,alto,-1173.29,0.92,0.09721,Non-controlled
872,moderado,-1174.21,0.15,0.62291,Non-controlled
872,alto,-1174.36,0.71,0.09771,Non-controlled
872,moderado,-1175.07,0.15,0.48239,Non-controlled
872.27,baixo,-1175.22,1.9,0.09671,Non-controlled
874,moderado,-1177.12,0.08,1.2994,Non-controlled
874,baixo,-1177.2,10.37,0.04756,Non-controlled
881,moderado,-1187.57,0.08,7.12061,Non-controlled
881,baixo,-1187.65,0.57,0.04747,Non-controlled
881,alto,-1188.22,0.29,0.38817,Non-controlled
881,moderado,-1188.51,0.08,0.19566,Non-controlled
881,baixo,-1188.59,3.09,0.04866,Non-controlled
884,alto,-1191.68,0.57,2.11209,Non-controlled
884,moderado,-1192.25,0.08,0.3882,Non-controlled
884,baixo,-1192.33,9.88,0.04685,Non-controlled
891,moderado,-1202.21,0.08,6.77678,Non-controlled
891,alto,-1202.29,0.22,0.04749,Non-controlled
891,baixo,-1202.51,0.71,0.14778,Non-controlled
891,moderado,-1203.22,0.15,0.4849,Non-controlled
892,baixo,-1203.37,1.13,0.09712,Non-controlled
892,moderado,-1204.5,0.08,0.7749,Non-controlled
892,alto,-1204.58,1.55,0.04773,Non-controlled
893,moderado,-1206.13,0.15,1.05618,Non-controlled
893,baixo,-1206.28,4.14,0.09668,Non-controlled
896.33,moderado,-1210.42,0.15,2.83552,Non-controlled
896,baixo,-1210.57,1.9,0.09637,Non-controlled
898,moderado,-1212.47,0.08,1.29544,Non-controlled
898,baixo,-1212.55,2.81,0.04761,Non-controlled
900,alto,-1215.36,0.08,1.92453,Non-controlled
900,moderado,-1215.44,0.08,0.04778,Non-controlled
900,baixo,-1215.52,0.43,0.04945,Non-controlled
900,moderado,-1215.95,0.08,0.29063,Non-controlled
900,baixo,-1216.03,7.99,0.0475,Non-controlled
906,moderado,-1224.02,0.22,5.48006,Non-controlled
906,baixo,-1224.24,0.15,0.14457,Non-controlled
906,moderado,-1224.39,0.5,0.09593,Non-controlled
906,baixo,-1224.89,1.34,0.33953,Non-controlled
907,moderado,-1226.23,0.15,0.91244,Non-controlled
907,baixo,-1226.38,1.83,0.10124,Non-controlled
908,alto,-1228.21,0.43,1.25083,Non-controlled
909,moderado,-1228.64,0.15,0.29194,Non-controlled
909,alto,-1228.79,0.92,0.09711,Non-controlled
909,baixo,-1229.71,0.08,0.63049,Non-controlled
910,moderado,-1229.79,0.08,0.04782,Non-controlled
909.57,baixo,-1229.87,2.46,0.0495,Non-controlled
911,moderado,-1232.33,0.15,1.68303,Non-controlled
911,baixo,-1232.48,3.79,0.0973,Non-controlled
914,alto,-1236.27,0.64,2.59492,Non-controlled
914,moderado,-1236.91,0.15,0.43534,Non-controlled
914,baixo,-1237.06,9.46,0.09762,Non-controlled
921,moderado,-1246.52,0.08,6.48697,Non-controlled
921,alto,-1246.6,0.29,0.04746,Non-controlled
921,moderado,-1246.89,0.15,0.19629,Non-controlled
921,alto,-1247.04,0.5,0.09626,Non-controlled
922,moderado,-1247.54,0.22,0.33592,Non-controlled
922,baixo,-1247.76,1.83,0.14787,Non-controlled
923,alto,-1249.59,0.15,1.24796,Non-controlled
923,moderado,-1249.74,0.08,0.09687,Non-controlled
923,baixo,-1249.82,0.71,0.04651,Non-controlled
924,alto,-1250.53,1.62,0.48084,Non-controlled
925,moderado,-1252.15,0.08,1.10778,Non-controlled
925,baixo,-1252.23,0.36,0.0475,Non-controlled
925,alto,-1252.59,3.02,0.24033,Non-controlled
927,moderado,-1255.61,0.08,2.06446,Non-controlled
927,alto,-1255.69,0.29,0.04765,Non-controlled
927,moderado,-1255.98,0.15,0.2001,Non-controlled
927,baixo,-1256.13,0.15,0.09724,Non-controlled
928,alto,-1256.28,0.71,0.09952,Non-controlled
928,moderado,-1256.99,0.08,0.47836,Non-controlled
928,baixo,-1257.07,3.02,0.04864,Non-controlled
930,moderado,-1260.09,0.08,2.06823,Non-controlled
930,alto,-1260.17,0.15,0.04795,Non-controlled
930,moderado,-1260.32,0.5,0.0975,Non-controlled
931,baixo,-1260.82,2.11,0.34224,Non-controlled
932,alto,-1262.93,1.48,1.44049,Non-controlled
933,moderado,-1264.41,0.15,1.01205,Non-controlled
933,baixo,-1264.56,1.97,0.09686,Non-controlled
935,moderado,-1266.53,0.15,1.34706,Non-controlled
935,baixo,-1266.68,1.62,0.09729,Non-controlled
936,moderado,-1268.3,0.57,1.1102,Non-controlled
936,alto,-1268.87,0.22,0.38463,Non-controlled
936,moderado,-1269.09,0.22,0.14793,Non-controlled
936,baixo,-1269.31,1.34,0.14816,Non-controlled
937,alto,-1270.65,0.5,0.91165,Non-controlled
938,moderado,-1271.15,0.08,0.33549,Non-controlled
938,baixo,-1271.23,2.53,0.04822,Non-controlled
939,alto,-1273.76,0.5,1.72848,Non-controlled
940,moderado,-1274.26,0.08,0.33905,Non-controlled
940,baixo,-1274.34,1.06,0.04823,Non-controlled
941,alto,-1275.4,0.85,0.72457,Non-controlled
941,moderado,-1276.25,0.36,0.57607,Non-controlled
941,alto,-1276.61,1.2,0.24399,Non-controlled
942,moderado,-1277.81,0.29,0.81947,Non-controlled
942,baixo,-1278.1,2.67,0.19219,Non-controlled
944,moderado,-1280.77,0.15,1.82426,Non-controlled
944,baixo,-1280.92,0.99,0.09678,Non-controlled
945,alto,-1281.91,0.71,0.67108,Non-controlled
945,moderado,-1282.62,0.08,0.48822,Non-controlled
946,baixo,-1282.7,7.01,0.04795,Non-controlled
950,alto,-1289.71,0.85,4.80404,Non-controlled
951,moderado,-1290.56,0.29,0.58013,Non-controlled
951,baixo,-1290.85,4.7,0.19218,Non-controlled
954,alto,-1295.55,0.64,3.21906,Non-controlled
955,moderado,-1296.19,0.08,0.43262,Non-controlled
955,baixo,-1296.27,1.2,0.04763,Non-controlled
956,alto,-1297.47,0.5,0.81641,Non-controlled
956,moderado,-1297.97,0.08,0.3394,Non-controlled
956,baixo,-1298.05,1.55,0.04828,Non-controlled
957,moderado,-1299.6,0.15,1.06032,Non-controlled
957,baixo,-1299.75,6.03,0.09716,Non-controlled
961,alto,-1305.78,1.62,4.14685,Non-controlled
962,moderado,-1307.4,0.15,1.10368,Non-controlled
963,baixo,-1307.55,2.74,0.97,Non-controlled
964.39,moderado,-1310.29,0.15,1.87555,Non-controlled
964,alto,-1310.44,0.64,0.09697,Non-controlled
965,moderado,-1311.08,0.08,0.43824,Non-controlled
965,alto,-1311.16,0.43,0.04835,Non-controlled
965,moderado,-1311.59,0.15,0.28842,Non-controlled
965,baixo,-1311.74,0.43,0.09694,Non-controlled
966,moderado,-1312.17,0.08,0.29483,Non-controlled
966,baixo,-1312.25,0.78,0.04737,Non-controlled
966,moderado,-1313.03,0.22,0.5367,Non-controlled
966,baixo,-1313.25,3.93,0.14387,Non-controlled
969,moderado,-1317.18,0.08,2.69094,Non-controlled
969,baixo,-1317.26,0.57,0.0492,Non-controlled
970,alto,-1317.83,0.85,0.38794,Non-controlled
970,moderado,-1318.68,0.08,0.57996,Non-controlled
970,baixo,-1318.76,4.28,0.04823,Non-controlled
973,moderado,-1323.04,0.08,2.93579,Non-controlled
973,baixo,-1323.12,3.79,0.04764,Non-controlled
976,moderado,-1326.91,0.22,2.59634,Non-controlled
976,baixo,-1327.13,3.86,0.14797,Non-controlled
979,alto,-1330.99,0.29,2.64012,Non-controlled
979,moderado,-1331.28,0.08,0.19194,Non-controlled
979,baixo,-1331.36,0.43,0.04773,Non-controlled
979,moderado,-1331.79,0.08,0.29234,Non-controlled
979,baixo,-1331.87,1.13,0.04806,Non-controlled
980,moderado,-1333,0.15,0.77155,Non-controlled
980,alto,-1333.15,0.22,0.09681,Non-controlled
980,moderado,-1333.37,0.71,0.14349,Non-controlled
981,alto,-1334.08,0.29,0.48409,Non-controlled
981,moderado,-1334.37,0.43,0.19599,Non-controlled
981.07,alto,-1334.8,0.15,0.29209,Non-controlled
981,moderado,-1334.95,0.08,0.0971,Non-controlled
981,alto,-1335.03,0.43,0.05099,Non-controlled
982,moderado,-1335.46,0.08,0.29574,Non-controlled
982,alto,-1335.54,0.15,0.04792,Non-controlled
982,moderado,-1335.69,0.29,0.09754,Non-controlled
982,baixo,-1335.98,1.48,0.19862,Non-controlled
983,alto,-1337.46,0.29,1.01596,Non-controlled
983,moderado,-1337.75,0.08,0.19601,Non-controlled
983,alto,-1337.83,1.2,0.04799,Non-controlled
984,moderado,-1339.03,0.15,0.81991,Non-controlled
984,alto,-1339.18,0.08,0.09699,Non-controlled
984,moderado,-1339.26,0.29,0.04707,Non-controlled
984,baixo,-1339.55,3.37,0.1921,Non-controlled
987,alto,-1342.92,1.97,2.30817,Non-controlled
988,moderado,-1344.89,0.22,1.3478,Non-controlled
988,baixo,-1345.11,0.64,0.14755,Non-controlled
989,alto,-1345.75,3.79,0.43193,Non-controlled
991,moderado,-1349.54,0.15,2.59246,Non-controlled
991,baixo,-1349.69,0.71,0.09742,Non-controlled
992,alto,-1350.4,0.08,0.48674,Non-controlled
992,moderado,-1350.48,0.22,0.04733,Non-controlled
992,baixo,-1350.7,1.06,0.14438,Non-controlled
993,moderado,-1351.76,0.08,0.72379,Non-controlled
992.65,baixo,-1351.84,0.85,0.04848,Non-controlled
993,moderado,-1352.69,0.22,0.57545,Non-controlled
993,baixo,-1352.91,2.18,0.14824,Non-controlled
995,alto,-1355.09,0.36,1.48825,Non-controlled
995,moderado,-1355.45,0.08,0.24321,Non-controlled
995,baixo,-1355.53,1.34,0.04807,Non-controlled
996,moderado,-1356.87,0.08,0.91617,Non-controlled
996,alto,-1356.95,0.57,0.04839,Non-controlled
997,moderado,-1357.52,0.22,0.38816,Non-controlled
997,baixo,-1357.74,3.44,0.14742,Non-controlled
999,alto,-1361.18,1.06,2.35652,Non-controlled
1.000,moderado,-1362.24,0.15,0.7281,Non-controlled
1.000,alto,-1362.39,0.57,0.09598,Non-controlled
1000.22,baixo,-1362.96,1.41,0.38367,Non-controlled
1001.18,moderado,-1364.37,0.15,0.96431,Non-controlled
1001.28,baixo,-1364.52,1.13,0.09663,Non-controlled
1002.04,alto,-1365.65,0.29,0.76677,Non-controlled
1002.24,moderado,-1365.94,0.08,0.19222,Non-controlled
1002.29,baixo,-1366.02,5.82,0.04804,Non-controlled
1006.27,moderado,-1371.84,0.15,3.98838,Non-controlled
1006.37,baixo,-1371.99,4.63,0.09678,Non-controlled
1009.54,moderado,-1376.62,0.08,3.17082,Non-controlled
1009.59,alto,-1376.7,1.55,0.04774,Non-controlled
1010.65,moderado,-1378.25,0.29,1.06446,Non-controlled
1010.85,baixo,-1378.54,3.37,0.19607,Non-controlled
1013.16,alto,-1381.91,0.15,2.3081,Non-controlled
1013.25,moderado,-1382.06,0.64,0.09708,Non-controlled
1013.69,baixo,-1382.7,1.06,0.43833,Non-controlled
1014.42,alto,-1383.76,0.22,0.72418,Non-controlled
1014.57,moderado,-1383.98,0.08,0.14807,Non-controlled
1014.61,baixo,-1384.06,0.71,0.48674,Non-controlled
1015.1,alto,-1384.77,0.08,0.48424,Non-controlled
1015.14,moderado,-1384.85,0.08,0.04737,Non-controlled
1015.19,baixo,-1384.93,10.58,0.04963,Non-controlled
1022.44,moderado,-1395.51,0.08,7.25022,Non-controlled
1022.49,baixo,-1395.59,0.64,0.04834,Non-controlled
1022.93,alto,-1396.23,1.2,0.43622,Non-controlled
1023.75,moderado,-1397.43,0.22,0.82026,Non-controlled
1023.9,alto,-1397.65,0.22,0.14811,Non-controlled
1024.04,moderado,-1397.87,0.15,0.14398,Non-controlled
1024.14,baixo,-1398.02,0.5,0.09725,Non-controlled
1024.48,moderado,-1398.52,0.08,0.3381,Non-controlled
1024.53,baixo,-1398.6,5.33,0.04857,Non-controlled
1028.18,moderado,-1403.93,0.29,3.65201,Non-controlled
1028.37,baixo,-1404.22,2.53,0.19601,Non-controlled
1030.11,alto,-1406.75,0.43,1.73177,Non-controlled
1030.4,moderado,-1407.18,0.08,0.29212,Non-controlled
1030.44,baixo,-1407.26,1.76,0.04759,Non-controlled
1031.65,moderado,-1409.02,0.15,1.20866,Non-controlled
1031.75,baixo,-1409.17,0.36,0.09728,Non-controlled
1032,moderado,-1409.53,0.22,0.2462,Non-controlled
1032.14,alto,-1409.75,0.57,0.14773,Non-controlled
1032.53,moderado,-1410.32,0.08,0.38462,Non-controlled
1032.58,baixo,-1410.4,5.47,0.04759,Non-controlled
1036.33,alto,-1415.87,1.76,3.74821,Non-controlled
1037.53,moderado,-1417.63,0.08,1.20015,Non-controlled
1037.57,baixo,-1417.71,0.36,0.04802,Non-controlled
1037.82,alto,-1418.07,0.29,0.24407,Non-controlled
1038.01,moderado,-1418.36,0.08,0.19166,Non-controlled
1038.06,baixo,-1418.44,1.97,0.04817,Non-controlled
1039.41,moderado,-1420.41,0.08,1.34817,Non-controlled
1039.45,alto,-1420.49,0.36,0.04783,Non-controlled
1039.69,moderado,-1420.85,0.15,0.24014,Non-controlled
1039.79,baixo,-1421,0.5,0.09703,Non-controlled
1040.13,alto,-1421.5,1.48,0.33912,Non-controlled
1041.14,moderado,-1422.98,0.29,1.0118,Non-controlled
1041.34,baixo,-1423.27,1.55,0.19607,Non-controlled
1042.39,alto,-1424.82,0.22,1.0554,Non-controlled
1042.54,moderado,-1425.04,0.22,0.14858,Non-controlled
1042.69,baixo,-1425.26,4.84,0.14796,Non-controlled
1046.01,alto,-1430.1,0.08,3.31605,Non-controlled
1046.05,moderado,-1430.18,0.15,0.04778,Non-controlled
1046.15,baixo,-1430.33,5.19,0.09737,Non-controlled
1049.71,alto,-1435.52,0.43,3.55485,Non-controlled
1050,moderado,-1435.95,0.08,0.29205,Non-controlled
1050.05,alto,-1436.03,1.06,0.04759,Non-controlled
1050.77,moderado,-1437.09,0.22,0.72833,Non-controlled
1050.92,baixo,-1437.31,3.44,0.14793,Non-controlled
1053.27,moderado,-1440.75,0.08,2.35221,Non-controlled
1053.32,baixo,-1440.83,6.17,0.04773,Non-controlled
1057.55,alto,-1447,0.15,4.23231,Non-controlled
1057.65,moderado,-1447.15,0.57,0.0965,Non-controlled
1058.03,baixo,-1447.72,5.05,0.38334,Non-controlled
1061.49,moderado,-1452.77,0.08,3.45979,Non-controlled
1061.54,baixo,-1452.85,1.76,0.04781,Non-controlled
1062.75,moderado,-1454.61,0.15,1.20459,Non-controlled
1062.84,baixo,-1454.76,1.69,0.09629,Non-controlled
1064,moderado,-1456.45,0.57,1.1553,Non-controlled
1064.39,baixo,-1457.02,3.58,0.38797,Non-controlled
1066.84,alto,-1460.6,0.78,2.45225,Non-controlled
1067.37,moderado,-1461.38,0.08,0.53172,Non-controlled
1067.42,baixo,-1461.46,0.5,0.04806,Non-controlled
1067.75,alto,-1461.96,1.69,0.33568,Non-controlled
1068.91,moderado,-1463.65,0.08,1.15598,Non-controlled
1068.96,baixo,-1463.73,3.37,0.04831,Non-controlled
1071.26,moderado,-1467.1,0.22,2.30782,Non-controlled
1071.41,baixo,-1467.32,0.22,0.14331,Non-controlled
1071.55,alto,-1467.54,0.43,0.14511,Non-controlled
1071.85,moderado,-1467.97,0.08,0.29206,Non-controlled
1071.89,baixo,-1468.05,9.18,0.04742,Non-controlled
1078.18,moderado,-1477.23,0.15,6.28857,Non-controlled
1078.28,baixo,-1477.38,0.29,0.09667,Non-controlled
1078.47,alto,-1477.67,0.29,0.19546,Non-controlled
1078.67,moderado,-1477.96,0.08,0.19573,Non-controlled
1078.72,baixo,-1478.04,0.99,0.04817,Non-controlled
1079.4,alto,-1479.03,0.78,0.67969,Non-controlled
1079.93,moderado,-1479.81,0.08,0.53225,Non-controlled
1079.98,baixo,-1479.89,2.11,0.04771,Non-controlled
1081.42,alto,-1482,0.08,1.44398,Non-controlled
1081.47,moderado,-1482.08,0.08,0.04766,Non-controlled
1081.52,baixo,-1482.16,1.13,0.04953,Non-controlled
1082.29,alto,-1483.29,0.64,0.77087,Non-controlled
1082.72,moderado,-1483.93,0.15,0.43548,Non-controlled
1082.82,baixo,-1484.08,0.36,0.09784,Non-controlled
1083.07,alto,-1484.44,0.36,0.24671,Non-controlled
1083.31,moderado,-1484.8,0.08,0.24034,Non-controlled
1083.36,baixo,-1484.88,4.49,0.04743,Non-controlled
1086.44,moderado,-1489.37,0.15,3.07981,Non-controlled
1086.53,baixo,-1489.52,3.58,0.09729,Non-controlled
1088.98,moderado,-1493.1,0.08,2.44742,Non-controlled
1089.03,alto,-1493.18,0.43,0.04707,Non-controlled
1089.33,moderado,-1493.61,0.29,0.29684,Non-controlled
1089.52,baixo,-1493.9,0.08,0.19133,Non-controlled
1089.56,alto,-1493.98,1.69,0.04811,Non-controlled
1090.73,moderado,-1495.67,0.15,1.16065,Non-controlled
1090.82,alto,-1495.82,1.13,0.09558,Non-controlled
1091.59,moderado,-1496.95,0.29,0.76846,Non-controlled
1091.79,baixo,-1497.24,0.71,0.19603,Non-controlled
1092.27,alto,-1497.95,1.34,0.47996,Non-controlled
1093.18,moderado,-1499.29,0.08,0.91179,Non-controlled
1093.22,baixo,-1499.37,1.69,0.04763,Non-controlled
1094.38,alto,-1501.06,0.15,1.15241,Non-controlled
1094.47,moderado,-1501.21,0.22,0.09736,Non-controlled
1094.63,baixo,-1501.43,1.48,0.1507,Non-controlled
1095.64,alto,-1502.91,0.64,1.01203,Non-controlled
1096.07,moderado,-1503.55,0.08,0.43563,Non-controlled
1096.12,baixo,-1503.63,0.36,0.04789,Non-controlled
1096.36,moderado,-1503.99,0.22,0.23952,Non-controlled
1096.51,baixo,-1504.21,0.85,0.1451,Non-controlled
1097.09,moderado,-1505.06,0.08,0.57996,Non-controlled
1097.13,baixo,-1505.14,2.18,0.04767,Non-controlled
1098.64,moderado,-1507.32,0.36,1.50418,Non-controlled
1098.89,alto,-1507.68,0.08,0.24777,Non-controlled
1098.93,moderado,-1507.76,0.08,0.04792,Non-controlled
1098.98,baixo,-1507.84,0.22,0.04907,Non-controlled
1099.13,alto,-1508.06,0.15,0.15071,Non-controlled
1099.23,moderado,-1508.21,0.08,0.09693,Non-controlled
1099.28,baixo,-1508.29,0.43,0.0475,Non-controlled
1099.57,moderado,-1508.72,0.22,0.29213,Non-controlled
1099.72,baixo,-1508.94,0.42,0.14803,Non-controlled
