Tempo(s), Risco do Sensor, Nível da Bateria,Delta Battery, Diff(s),Mode
10.1669,alto,93.87,6.07,10,Non-Controlled
20.2668,baixo,87.8,6.01,10.0998,Non-Controlled
30.2668,alto,81.79,6.01,10,Non-Controlled
40.2669,baixo,75.78,6.07,10,Non-Controlled
50.3669,moderado,69.71,6.07,10.1,Non-Controlled
60.4668,alto,63.64,6.01,10.0999,Non-Controlled
70.4668,baixo,57.63,6.01,10,Non-Controlled
80.4668,moderado,51.62,6.07,10,Non-Controlled
90.5667,baixo,45.55,6.01,10.0999,Non-Controlled
101,alto,39.54,6.01,10.0001,Non-Controlled
111,baixo,33.53,6.07,10,Non-Controlled
121,moderado,27.46,6.07,10.1,Non-Controlled
131,baixo,21.39,6.01,10.0999,Non-Controlled
141,moderado,15.38,6.01,10.0001,Non-Controlled
151,alto,9.37,6.07,10,Non-Controlled
161,baixo,3.3,6.01,10.1,Non-Controlled
171,moderado,-2.71,6.07,10,Non-Controlled
181,alto,-8.78,6.01,10.1,Non-Controlled
191,baixo,-14.79,6.01,9.99999,Non-Controlled
201,moderado,-20.8,6.01,10.0001,Non-Controlled
211,alto,-26.81,6.07,9.99997,Non-Controlled
221,baixo,-32.88,6.01,10.0999,Non-Controlled
231,alto,-38.89,6.07,10.0001,Non-Controlled
241,baixo,-44.96,6.01,10.0999,Non-Controlled
251,moderado,-50.97,6.07,10.0002,Non-Controlled
261,baixo,-57.04,6.07,10.0999,Non-Controlled
271,alto,-63.11,6.01,10.1,Non-Controlled
281,baixo,-69.12,6.07,10,Non-Controlled
291,moderado,-75.19,6.01,10.0999,Non-Controlled
301,alto,-81.2,6.07,10.0001,Non-Controlled
312,baixo,-87.27,6.07,10.0999,Non-Controlled
322,alto,-93.34,6.01,10.1,Non-Controlled
332,baixo,-99.35,6.07,10.0001,Non-Controlled
342,alto,-105.42,6.01,10.1,Non-Controlled
352,baixo,-111.43,6.07,10.0001,Non-Controlled
362,alto,-117.5,6.07,10.0999,Non-Controlled
372,moderado,-123.57,6.01,10.1,Non-Controlled
382,baixo,-129.58,6.01,10,Non-Controlled
392,moderado,-135.59,6.07,10,Non-Controlled
402,baixo,-141.66,6.01,10.1,Non-Controlled
412,alto,-147.67,6.07,10,Non-Controlled
422,baixo,-153.74,6.01,10.1,Non-Controlled
432,moderado,-159.75,6.07,9.99994,Non-Controlled
442,alto,-165.82,6.01,10.0999,Non-Controlled
452,baixo,-171.83,6.07,10.0002,Non-Controlled
462,moderado,-177.9,6.01,10.1,Non-Controlled
472,baixo,-183.91,6.07,9.99996,Non-Controlled
482,alto,-189.98,6.01,10.1,Non-Controlled
492,baixo,-195.99,6.01,10,Non-Controlled
502,alto,-202,6.01,10.0001,Non-Controlled
512,baixo,-208.01,6.07,9.9999,Non-Controlled
523,moderado,-214.08,6.01,10.0999,Non-Controlled
533,baixo,-220.09,6.01,10.0001,Non-Controlled
543,alto,-226.1,6.01,9.99997,Non-Controlled
553,baixo,-232.11,6.07,10.0001,Non-Controlled
563,moderado,-238.18,6.01,10.0999,Non-Controlled
573,baixo,-244.19,6.07,10.0001,Non-Controlled
583,alto,-250.26,6.07,10.1,Non-Controlled
593,baixo,-256.33,6.07,10.0999,Non-Controlled
603,alto,-262.4,6.01,10.1,Non-Controlled
613,baixo,-268.41,6.07,10.0001,Non-Controlled
623,alto,-274.48,6.07,10.1,Non-Controlled
633,baixo,-280.55,6.07,10.0999,Non-Controlled
643,moderado,-286.62,6.01,10.1,Non-Controlled
653,baixo,-292.63,6.07,10,Non-Controlled
663,moderado,-298.7,6.07,10.1001,Non-Controlled
673,baixo,-304.77,6.07,10.0999,Non-Controlled
684,moderado,-310.84,6.01,10.1,Non-Controlled
694,baixo,-316.85,6.01,9.99995,Non-Controlled
704,alto,-322.86,6.01,10,Non-Controlled
714,baixo,-328.87,6.07,10.0001,Non-Controlled
724,moderado,-334.94,6.01,10.0998,Non-Controlled
734,baixo,-340.95,6.01,10.0001,Non-Controlled
744,alto,-346.96,6.01,10.0001,Non-Controlled
754,baixo,-352.97,6.07,10,Non-Controlled
764,alto,-359.04,6.01,10.1,Non-Controlled
774,baixo,-365.05,6.01,9.99998,Non-Controlled
784,alto,-371.06,6.07,10,Non-Controlled
794,baixo,-377.13,6.01,10.0999,Non-Controlled
804,alto,-383.14,6.07,10.0001,Non-Controlled
814,baixo,-389.21,6.07,10.1,Non-Controlled
824,moderado,-395.28,6.07,10.0999,Non-Controlled
834,alto,-401.35,6.01,10.1,Non-Controlled
844,baixo,-407.36,6.01,10.0001,Non-Controlled
854,alto,-413.37,6.07,10,Non-Controlled
864,baixo,-419.44,6.07,10.1,Non-Controlled
874,alto,-425.51,6.07,10.1,Non-Controlled
884,baixo,-431.58,6.01,10.1,Non-Controlled
894,alto,-437.59,6.01,9.99999,Non-Controlled
904,baixo,-443.6,6.01,10.0001,Non-Controlled
914,alto,-449.61,6.07,9.99996,Non-Controlled
925,baixo,-455.68,6.07,10.1,Non-Controlled
935,moderado,-461.75,6.01,10.0999,Non-Controlled
945,alto,-467.76,6.01,10.0001,Non-Controlled
955,baixo,-473.77,6.01,10,Non-Controlled
965,alto,-479.78,6.07,10.0001,Non-Controlled
975,baixo,-485.85,6.01,10.0999,Non-Controlled
985,moderado,-491.86,6.07,10,Non-Controlled
995,alto,-497.93,6.07,10.1001,Non-Controlled
1004.97,baixo,-504,6.01,10.1,Non-Controlled
1014.97,alto,-510.01,6.07,10,Non-Controlled
1025.07,baixo,-516.08,6.01,10.0999,Non-Controlled
1035.07,moderado,-522.09,6.07,10,Non-Controlled
1045.17,baixo,-528.16,6.01,10.1,Non-Controlled
1055.17,moderado,-534.17,6.01,10.0001,Non-Controlled
1065.17,baixo,-540.18,6.07,9.99996,Non-Controlled
1075.27,alto,-546.25,6.07,10.1,Non-Controlled
1085.37,baixo,-552.32,6.01,10.0998,Non-Controlled
1095.37,alto,-558.33,6.01,10.0001,Non-Controlled
1105.37,baixo,-564.34,6.07,10.0001,Non-Controlled
1115.47,alto,-570.41,6.01,10.1,Non-Controlled
1125.47,baixo,-576.42,6.01,9.9998,Non-Controlled
1135.47,moderado,-582.43,6.01,10.0001,Non-Controlled
1145.47,baixo,-588.44,6.07,10,Non-Controlled
1155.57,alto,-594.51,6.01,10.1,Non-Controlled
1165.57,baixo,-600.52,6.01,9.99999,Non-Controlled
1175.57,alto,-606.53,6.07,10,Non-Controlled
1185.67,baixo,-612.6,6.01,10.1,Non-Controlled
1195.67,moderado,-618.61,6.01,9.99997,Non-Controlled
1205.67,alto,-624.62,6.01,10.0001,Non-Controlled
1215.67,baixo,-630.63,6.07,10,Non-Controlled
1225.77,moderado,-636.7,6.01,10.0999,Non-Controlled
1235.77,alto,-642.71,6.07,10.0001,Non-Controlled
1245.87,baixo,-648.78,6.01,10.1,Non-Controlled
1255.87,alto,-654.79,6.07,10.0001,Non-Controlled
1265.97,baixo,-660.86,6.07,10.1,Non-Controlled
1276.07,alto,-666.93,6.01,10.0998,Non-Controlled
1286.07,baixo,-672.94,6.07,10.0001,Non-Controlled
1296.17,alto,-679.01,6.01,10.0999,Non-Controlled
1306.17,baixo,-685.02,6.01,10.0002,Non-Controlled
1316.17,alto,-691.03,6.07,9.99988,Non-Controlled
1326.27,baixo,-697.1,6.07,10.1,Non-Controlled
1336.37,alto,-703.17,6.01,10.0999,Non-Controlled
1346.37,baixo,-709.18,6.01,10,Non-Controlled
1356.37,alto,-715.19,6.01,10.0001,Non-Controlled
1366.37,baixo,-721.2,6.07,10,Non-Controlled
1376.47,alto,-727.27,6.07,10.0998,Non-Controlled
1386.57,baixo,-733.34,6.01,10.1001,Non-Controlled
1396.57,alto,-739.35,6.01,9.99999,Non-Controlled
1406.57,baixo,-745.36,6.01,10.0001,Non-Controlled
1416.57,moderado,-751.37,6.07,9.99999,Non-Controlled
1426.67,baixo,-757.44,6.07,10.0999,Non-Controlled
1436.77,moderado,-763.51,6.07,10.1,Non-Controlled
1446.87,baixo,-769.58,6.01,10.1,Non-Controlled
1456.87,moderado,-775.59,6.01,10.0001,Non-Controlled
1466.87,alto,-781.6,6.07,10.0003,Non-Controlled
1476.97,baixo,-787.67,6.01,10.0996,Non-Controlled
1486.97,moderado,-793.68,6.07,10.0001,Non-Controlled
1497.07,baixo,-799.75,6.01,10.1,Non-Controlled
1507.07,moderado,-805.76,6.01,10,Non-Controlled
1517.07,baixo,-811.77,6.07,10,Non-Controlled
1527.17,moderado,-817.84,6.07,10.0999,Non-Controlled
1537.27,alto,-823.91,6.07,10.1,Non-Controlled
1547.37,baixo,-829.98,6.01,10.0999,Non-Controlled
1557.37,alto,-835.99,6.01,10.0001,Non-Controlled
1567.37,moderado,-842,6.07,10.0001,Non-Controlled
1577.47,baixo,-848.07,6.01,10.0998,Non-Controlled
1587.47,moderado,-854.08,6.07,10,Non-Controlled
1597.57,baixo,-860.15,6.01,10.1,Non-Controlled
1607.57,alto,-866.16,6.01,10.0001,Non-Controlled
1617.57,baixo,-872.17,6.07,9.99998,Non-Controlled
1627.67,alto,-878.24,6.07,10.1,Non-Controlled
1637.77,baixo,-884.31,6.01,10.1,Non-Controlled
1647.77,moderado,-890.32,6.01,10.0001,Non-Controlled
1657.77,baixo,-896.33,6.01,9.99998,Non-Controlled
1667.77,moderado,-902.34,6.07,10,Non-Controlled
1677.87,baixo,-908.41,6.07,10.0999,Non-Controlled
1687.97,alto,-914.48,6.01,10.1,Non-Controlled
1697.97,baixo,-920.49,6.01,10,Non-Controlled
1707.97,moderado,-926.5,6.07,10,Non-Controlled
1718.07,baixo,-932.57,6.07,10.1,Non-Controlled
1728.17,alto,-938.64,6.07,10.0999,Non-Controlled
1738.27,baixo,-944.71,6.07,10.1001,Non-Controlled
1748.37,moderado,-950.78,6.01,10.1,Non-Controlled
1758.37,alto,-956.79,6.01,10,Non-Controlled
1768.37,baixo,-962.8,6.07,10.0001,Non-Controlled
1778.47,moderado,-968.87,6.07,10.0999,Non-Controlled
1788.57,baixo,-974.94,6.01,10.0999,Non-Controlled
1798.57,moderado,-980.95,6.01,10.0001,Non-Controlled
1808.57,alto,-986.96,6.01,10.0001,Non-Controlled
1818.57,baixo,-992.97,6.07,9.99995,Non-Controlled
1828.67,alto,-999.04,6.01,10.0999,Non-Controlled
1838.67,baixo,-1005.05,6.07,10.0001,Non-Controlled
1848.77,moderado,-1011.12,6.07,10.1,Non-Controlled
1858.87,baixo,-1017.19,6.01,10.0999,Non-Controlled
1868.87,moderado,-1023.2,6.07,10.0016,Non-Controlled
1878.97,baixo,-1029.27,6.07,10.0984,Non-Controlled
1889.07,alto,-1035.34,6.07,10.1,Non-Controlled
1899.17,baixo,-1041.41,6.01,10.1,Non-Controlled
1909.17,moderado,-1047.42,6.01,10,Non-Controlled
1919.17,alto,-1053.43,6.07,9.99999,Non-Controlled
1929.27,baixo,-1059.5,6.07,10.1,Non-Controlled
1939.37,alto,-1065.57,6.07,10.1001,Non-Controlled
1949.47,baixo,-1071.64,6.01,10.1,Non-Controlled
1959.47,alto,-1077.65,6.07,10.0001,Non-Controlled
1969.57,baixo,-1083.72,6.07,10.0999,Non-Controlled
1979.67,alto,-1089.79,6.01,10.1,Non-Controlled
1989.67,baixo,-1095.8,6.07,10,Non-Controlled
1999.77,moderado,-1101.87,6.01,10.0999,Non-Controlled
2009.77,alto,-1107.88,6.07,10.0002,Non-Controlled
2019.87,baixo,-1113.95,6.07,10.0999,Non-Controlled
2029.97,alto,-1120.02,6.07,10.1,Non-Controlled
2040.07,baixo,-1126.09,6.01,10.0999,Non-Controlled
2050.07,alto,-1132.1,6.01,10,Non-Controlled
2060.07,baixo,-1138.11,6.07,10.0001,Non-Controlled
2070.17,alto,-1144.18,6.07,10.0999,Non-Controlled
2080.27,baixo,-1150.25,6.01,10.1,Non-Controlled
2090.27,alto,-1156.26,6.01,10,Non-Controlled
2100.27,baixo,-1162.27,6.01,10,Non-Controlled
2110.27,moderado,-1168.28,6.07,10,Non-Controlled
2120.37,alto,-1174.35,6.07,10.1,Non-Controlled
2130.47,baixo,-1180.42,6.01,10.0999,Non-Controlled
2140.47,alto,-1186.43,6.07,10.0001,Non-Controlled
2150.57,baixo,-1192.5,6.01,10.1,Non-Controlled
2160.57,moderado,-1198.51,6.07,10,Non-Controlled
2170.67,alto,-1204.58,6.07,10.1012,Non-Controlled
2180.77,baixo,-1210.65,6.01,10.0987,Non-Controlled
2190.77,alto,-1216.66,6.07,10,Non-Controlled
2200.87,baixo,-1222.73,6.01,10.1,Non-Controlled
2210.87,moderado,-1228.74,6.07,10.0001,Non-Controlled
2220.97,alto,-1234.81,6.07,10.0999,Non-Controlled
2231.07,baixo,-1240.88,6.01,10.1,Non-Controlled
2241.07,alto,-1246.89,6.07,10,Non-Controlled
2251.17,baixo,-1252.96,6.01,10.0998,Non-Controlled
2261.17,moderado,-1258.97,6.07,10.0001,Non-Controlled
2271.27,baixo,-1265.04,6.07,10.1,Non-Controlled
2281.37,moderado,-1271.11,6.07,10.1,Non-Controlled
2291.47,baixo,-1277.18,6.07,10.0999,Non-Controlled
2301.57,alto,-1283.25,6.01,10.1,Non-Controlled
2311.57,baixo,-1289.26,6.07,10.0001,Non-Controlled
2321.67,moderado,-1295.33,6.01,10.0999,Non-Controlled
2331.67,alto,-1301.34,6.07,10.0001,Non-Controlled
2341.77,baixo,-1307.41,6.01,10.1,Non-Controlled
2351.77,alto,-1313.42,6.07,9.99999,Non-Controlled
2361.87,baixo,-1319.49,6.01,10.1,Non-Controlled
2371.87,moderado,-1325.5,6.01,10,Non-Controlled
2381.87,baixo,-1331.51,6.01,9.99994,Non-Controlled
2391.87,moderado,-1337.52,6.07,10.0001,Non-Controlled
2401.97,alto,-1343.59,6.01,10.1,Non-Controlled
2411.97,baixo,-1349.6,6.07,10.0001,Non-Controlled
2422.07,moderado,-1355.67,6.07,10.1012,Non-Controlled
2432.17,alto,-1361.74,6.01,10.0987,Non-Controlled
2442.17,baixo,-1367.75,6.07,10,Non-Controlled
2452.27,moderado,-1373.82,6.01,10.1,Non-Controlled
2462.27,baixo,-1379.83,6.07,9.99999,Non-Controlled
2472.37,moderado,-1385.9,6.01,10.1,Non-Controlled
2482.37,baixo,-1391.91,6.07,9.99994,Non-Controlled
2492.47,moderado,-1397.98,6.01,10.1,Non-Controlled
2502.47,alto,-1403.99,6.01,10,Non-Controlled
2512.47,baixo,-1410,6.07,10.0001,Non-Controlled
2522.57,moderado,-1416.07,6.07,10.1,Non-Controlled
2532.67,baixo,-1422.14,6.07,10.0999,Non-Controlled
2542.77,alto,-1428.21,6.01,10.1,Non-Controlled
2552.77,baixo,-1434.22,6.01,10.0001,Non-Controlled
2562.77,alto,-1440.23,6.01,10,Non-Controlled
2572.77,baixo,-1446.24,6.07,9.99997,Non-Controlled
2582.87,alto,-1452.31,6.07,10.0999,Non-Controlled
2592.97,baixo,-1458.38,6.01,10.1001,Non-Controlled
2602.97,alto,-1464.39,6.01,10,Non-Controlled
2612.97,baixo,-1470.4,6.01,10,Non-Controlled
11.9157,alto,99.150,5.622,11.09,Controlled
21.1156,baixo,93.528,0.78,9.19995,Controlled
32.1157,moderado,92.748,1.245,11.0001,Controlled
41.6156,baixo,91.503,0.78,9.49992,Controlled
52.6157,alto,90.723,5.622,11.0001,Controlled
61.8157,moderado,85.101,1.375,9.19995,Controlled
72.3157,alto,83.726,5.866,10.5,Controlled
81.9157,baixo,77.860,0.78,9.60006,Controlled
92.9158,moderado,77.080,1.31,11.0001,Controlled
103,alto,75.770,5.927,9.99985,Controlled
113,baixo,69.843,0.78,9.70001,Controlled
124,alto,69.063,5.622,11,Controlled
133,baixo,63.441,0.78,9.19992,Controlled
144,alto,62.661,5.622,11.0001,Controlled
153,baixo,57.039,0.78,9.19985,Controlled
164,alto,56.259,5.622,11.0002,Controlled
173,baixo,50.637,0.78,9.19996,Controlled
184,alto,49.857,5.622,10.9999,Controlled
193,baixo,44.235,0.78,9.20005,Controlled
204,moderado,43.455,1.245,11,Controlled
214,baixo,42.210,0.78,9.50002,Controlled
225,moderado,41.430,1.31,10.9999,Controlled
235,baixo,40.120,0.78,10.0001,Controlled
246,moderado,39.340,1.31,11.0001,Controlled
256,alto,38.030,5.927,9.9999,Controlled
266,baixo,32.103,0.78,9.69997,Controlled
277,alto,31.323,5.622,11,Controlled
286,baixo,25.701,0.78,9.19992,Controlled
297,moderado,24.921,1.245,11.0001,Controlled
306,baixo,23.676,0.78,9.50003,Controlled
317,alto,22.896,5.622,11,Controlled
327,baixo,17.274,0.78,9.19999,Controlled
338,moderado,16.494,1.31,11,Controlled
348,alto,15.184,5.927,10.0001,Controlled
357,baixo,9.257,0.78,9.70004,Controlled
368,alto,8.477,5.622,10.9999,Controlled
377,baixo,2.855,0.78,9.20001,Controlled
388,moderado,2.075,1.31,11,Controlled
398,alto,765,5.927,10.0001,Controlled
408,baixo,-5.162,0.78,9.69989,Controlled
419,moderado,-5.942,1.245,11.0001,Controlled
429,alto,-7.187,5.927,9.49999,Controlled
438,baixo,-13.114,0.78,9.7,Controlled
449,moderado,-13.894,1.31,11,Controlled
459,alto,-15.204,5.866,10,Controlled
469,baixo,-21.070,0.78,9.60001,Controlled
480,alto,-21.850,5.561,11,Controlled
489,baixo,-27.411,0.78,9.10007,Controlled
500,alto,-28.191,5.622,11,Controlled
509,baixo,-33.813,0.78,9.1999,Controlled
520,moderado,-34.593,1.31,11,Controlled
530,baixo,-35.903,0.78,9.99992,Controlled
541,alto,-36.683,5.561,11.0001,Controlled
550,baixo,-42.244,0.78,9.10005,Controlled
561,moderado,-43.024,1.31,10.9999,Controlled
571,alto,-44.334,5.866,10.0001,Controlled
581,baixo,-50.200,0.78,9.59999,Controlled
592,moderado,-50.980,1.31,11.0001,Controlled
602,alto,-52.290,5.866,9.99994,Controlled
612,baixo,-58.156,0.78,9.59998,Controlled
623,alto,-58.936,5.561,10.9999,Controlled
632,baixo,-64.497,0.78,9.10004,Controlled
643,moderado,-65.277,1.31,11.0002,Controlled
653,alto,-66.587,5.927,9.99993,Controlled
662,baixo,-72.514,0.78,9.69987,Controlled
673,alto,-73.294,5.561,11.0001,Controlled
682,baixo,-78.855,0.78,9.10003,Controlled
693,moderado,-79.635,1.31,11,Controlled
703,alto,-80.945,5.866,9.99992,Controlled
713,baixo,-86.811,0.78,9.6001,Controlled
724,alto,-87.591,5.561,10.9999,Controlled
733,baixo,-93.152,0.78,9.10006,Controlled
744,alto,-93.932,5.561,11.0001,Controlled
753,baixo,-99.493,0.78,9.09991,Controlled
764,alto,-100.273,5.622,11,Controlled
773,moderado,-105.895,1.375,9.19996,Controlled
784,baixo,-107.270,0.78,10.5001,Controlled
795,moderado,-108.050,1.31,11,Controlled
805,alto,-109.360,5.927,9.99994,Controlled
815,baixo,-115.287,0.78,9.69999,Controlled
826,alto,-116.067,5.561,11,Controlled
835,baixo,-121.628,0.78,9.10004,Controlled
846,moderado,-122.408,1.245,10.9999,Controlled
855,baixo,-123.653,0.78,9.50009,Controlled
866,moderado,-124.433,1.245,10.9999,Controlled
876,baixo,-125.678,0.78,9.50005,Controlled
887,alto,-126.458,5.622,11,Controlled
896,baixo,-132.080,0.78,9.19992,Controlled
907,moderado,-132.860,1.31,11,Controlled
917,baixo,-134.170,0.78,9.99999,Controlled
928,alto,-134.950,5.561,11,Controlled
937,baixo,-140.511,0.78,9.10008,Controlled
948,moderado,-141.291,1.245,10.9999,Controlled
958,alto,-142.536,5.927,9.50015,Controlled
967,baixo,-148.463,0.78,9.69997,Controlled
978,alto,-149.243,5.622,10.9999,Controlled
987,baixo,-154.865,0.78,9.19996,Controlled
998,moderado,-155.645,1.31,11.0002,Controlled
1008.42,alto,-156.955,5.927,9.99992,Controlled
1018.12,baixo,-162.882,0.78,9.69993,Controlled
1029.12,moderado,-163.662,1.245,11.0001,Controlled
1038.62,alto,-164.907,5.866,9.49999,Controlled
1048.22,baixo,-170.773,0.78,9.60005,Controlled
1059.22,moderado,-171.553,1.31,11,Controlled
1069.22,baixo,-172.863,0.78,10,Controlled
1080.22,alto,-173.643,5.622,10.9999,Controlled
1089.42,baixo,-179.265,0.78,9.20009,Controlled
1100.42,moderado,-180.045,1.31,11,Controlled
1110.42,baixo,-181.355,0.78,10.0001,Controlled
1121.42,alto,-182.135,5.561,10.9999,Controlled
1130.52,baixo,-187.696,0.78,9.09998,Controlled
1141.52,moderado,-188.476,1.245,11.0002,Controlled
1151.02,baixo,-189.721,0.78,9.49997,Controlled
1162.02,moderado,-190.501,1.31,11,Controlled
1172.02,baixo,-191.811,0.78,9.99986,Controlled
1183.02,moderado,-192.591,1.31,11.0001,Controlled
1193.02,alto,-193.901,5.927,10,Controlled
1202.72,baixo,-199.828,0.78,9.69995,Controlled
1213.72,alto,-200.608,5.561,11,Controlled
1222.82,baixo,-206.169,0.78,9.09994,Controlled
1233.82,alto,-206.949,5.561,11,Controlled
1242.92,baixo,-212.510,0.78,9.10009,Controlled
1253.92,alto,-213.290,5.561,11,Controlled
1263.02,baixo,-218.851,0.78,9.1,Controlled
1274.02,moderado,-219.631,1.245,10.9999,Controlled
1283.52,baixo,-220.876,0.78,9.49997,Controlled
1294.52,alto,-221.656,5.561,11,Controlled
1303.62,baixo,-227.217,0.78,9.10013,Controlled
1314.62,moderado,-227.997,1.245,11,Controlled
1324.12,baixo,-229.242,0.78,9.49987,Controlled
1335.12,alto,-230.022,5.561,11.0001,Controlled
1344.22,baixo,-235.583,0.78,9.10004,Controlled
1355.22,alto,-236.363,5.561,10.9999,Controlled
1364.32,baixo,-241.924,0.78,9.09998,Controlled
1375.32,moderado,-242.704,1.245,10.9999,Controlled
1384.82,baixo,-243.949,0.78,9.50012,Controlled
1395.82,alto,-244.729,5.622,11,Controlled
1405.02,baixo,-250.351,0.78,9.19991,Controlled
1416.02,moderado,-251.131,1.31,11.0001,Controlled
1426.02,alto,-252.441,5.866,9.99995,Controlled
1435.62,baixo,-258.307,0.78,9.6,Controlled
1446.62,alto,-259.087,5.561,11.0001,Controlled
1455.72,baixo,-264.648,0.78,9.10001,Controlled
1466.72,moderado,-265.428,1.31,11,Controlled
1476.72,alto,-266.738,5.927,9.9998,Controlled
1486.42,baixo,-272.665,0.78,9.70005,Controlled
1497.42,moderado,-273.445,1.31,11.0001,Controlled
1507.42,baixo,-274.755,0.78,9.99993,Controlled
1518.42,alto,-275.535,5.622,11,Controlled
1527.62,baixo,-281.157,0.78,9.19999,Controlled
1538.62,moderado,-281.937,1.31,11,Controlled
1548.62,alto,-283.247,5.866,9.99993,Controlled
1558.22,baixo,-289.113,0.78,9.60011,Controlled
1569.22,alto,-289.893,5.561,10.9999,Controlled
1578.32,baixo,-295.454,0.78,9.10008,Controlled
1589.32,alto,-296.234,5.561,10.9999,Controlled
1598.42,baixo,-301.795,0.78,9.10007,Controlled
1609.42,moderado,-302.575,1.31,11,Controlled
1619.42,alto,-303.885,5.866,10,Controlled
1629.02,baixo,-309.751,0.78,9.59997,Controlled
1640.02,alto,-310.531,5.622,11.0001,Controlled
1649.22,baixo,-316.153,0.78,9.19998,Controlled
1660.22,alto,-316.933,5.561,11,Controlled
1669.32,baixo,-322.494,0.78,9.09995,Controlled
1680.32,moderado,-323.274,1.31,10.9999,Controlled
1690.32,alto,-324.584,5.927,10.0001,Controlled
1700.02,baixo,-330.511,0.78,9.69995,Controlled
1711.02,moderado,-331.291,1.31,11,Controlled
1721.02,alto,-332.601,5.927,10,Controlled
1730.72,baixo,-338.528,0.78,9.69991,Controlled
1741.72,alto,-339.308,5.561,11,Controlled
1750.82,baixo,-344.869,0.78,9.10013,Controlled
1761.82,moderado,-345.649,1.245,11,Controlled
1771.32,baixo,-346.894,0.78,9.49998,Controlled
1782.32,alto,-347.674,5.561,10.9999,Controlled
1791.42,baixo,-353.235,0.78,9.1,Controlled
1802.42,moderado,-354.015,1.245,11,Controlled
1811.92,alto,-355.260,5.866,9.50002,Controlled
1821.52,baixo,-361.126,0.78,9.60005,Controlled
1832.52,alto,-361.906,5.561,11,Controlled
1841.62,baixo,-367.467,0.78,9.10003,Controlled
1852.62,moderado,-368.247,1.31,11,Controlled
1862.62,baixo,-369.557,0.78,9.99997,Controlled
1873.62,alto,-370.337,5.561,11,Controlled
1882.72,baixo,-375.898,0.78,9.1,Controlled
1893.72,alto,-376.678,5.622,11,Controlled
1902.92,baixo,-382.300,0.78,9.19993,Controlled
1913.92,alto,-383.080,5.622,11,Controlled
1923.12,baixo,-388.702,0.78,9.19998,Controlled
1934.12,moderado,-389.482,1.245,11,Controlled
1943.62,baixo,-390.727,0.78,9.50013,Controlled
1954.62,moderado,-391.507,1.245,11,Controlled
1964.12,alto,-392.752,5.927,9.49995,Controlled
1973.82,baixo,-398.679,0.78,9.70004,Controlled
1984.82,moderado,-399.459,1.31,10.9999,Controlled
1994.82,baixo,-400.769,0.78,9.99999,Controlled
2005.82,moderado,-401.549,1.245,11,Controlled
2015.32,alto,-402.794,5.927,9.5001,Controlled
2025.02,baixo,-408.721,0.78,9.69985,Controlled
2036.02,alto,-409.501,5.622,11.0001,Controlled
2045.22,baixo,-415.123,0.78,9.19983,Controlled
2056.22,moderado,-415.903,1.245,11.0002,Controlled
2065.72,alto,-417.148,5.927,9.50006,Controlled
2075.42,baixo,-423.075,0.78,9.69992,Controlled
2086.42,alto,-423.855,5.561,10.9999,Controlled
2095.52,baixo,-429.416,0.78,9.10009,Controlled
2106.52,moderado,-430.196,1.245,10.9999,Controlled
2116.02,baixo,-431.441,0.78,9.5001,Controlled
2127.02,alto,-432.221,5.561,11,Controlled
2136.12,baixo,-437.782,0.78,9.10001,Controlled
2147.12,alto,-438.562,5.561,10.9999,Controlled
2156.22,baixo,-444.123,0.78,9.1001,Controlled
2167.22,moderado,-444.903,1.245,11.0001,Controlled
2176.72,baixo,-446.148,0.78,9.49987,Controlled
2187.72,moderado,-446.928,1.245,11,Controlled
2197.22,alto,-448.173,5.866,9.49997,Controlled
2206.82,baixo,-454.039,0.78,9.59999,Controlled
2217.82,moderado,-454.819,1.31,11,Controlled
2227.82,baixo,-456.129,0.78,10,Controlled
2238.82,moderado,-456.909,1.245,11.0003,Controlled
2248.32,alto,-458.154,5.927,9.49985,Controlled
2258.02,baixo,-464.081,0.78,9.69995,Controlled
2269.02,alto,-464.861,5.561,11.0001,Controlled
2278.12,baixo,-470.422,0.78,9.09994,Controlled
2289.12,moderado,-471.202,1.245,11,Controlled
2298.62,alto,-472.447,5.927,9.50004,Controlled
2308.32,baixo,-478.374,0.78,9.69998,Controlled
2319.32,moderado,-479.154,1.31,11,Controlled
2329.32,baixo,-480.464,0.78,9.99991,Controlled
2340.32,moderado,-481.244,1.31,11,Controlled
2350.32,baixo,-482.554,0.78,9.99998,Controlled
2361.32,alto,-483.334,5.622,11.0001,Controlled
2370.52,baixo,-488.956,0.78,9.2,Controlled
2381.52,moderado,-489.736,1.31,10.9999,Controlled
2391.52,baixo,-491.046,0.78,10,Controlled
2402.52,alto,-491.826,5.561,11.0001,Controlled
2411.62,baixo,-497.387,0.78,9.10001,Controlled
2422.62,alto,-498.167,5.622,10.9999,Controlled
2431.82,baixo,-503.789,0.78,9.20006,Controlled
2442.82,moderado,-504.569,1.245,10.9999,Controlled
2452.32,baixo,-505.814,0.78,9.5001,Controlled
2463.32,alto,-506.594,5.561,11,Controlled
2472.42,baixo,-512.155,0.78,9.10002,Controlled
2483.42,moderado,-512.935,1.31,10.9999,Controlled
2493.42,baixo,-514.245,0.78,10.0001,Controlled
2504.42,alto,-515.025,5.561,10.9999,Controlled
2513.52,baixo,-520.586,0.78,9.10004,Controlled
2524.52,alto,-521.366,5.622,11.0001,Controlled
2533.72,baixo,-526.988,0.78,9.19997,Controlled
2544.72,alto,-527.768,5.622,11,Controlled
2553.92,baixo,-533.390,0.78,9.19981,Controlled
2564.92,moderado,-534.170,1.31,11.0002,Controlled
2574.92,alto,-535.480,5.927,10,Controlled
2584.62,baixo,-541.407,0.78,9.69991,Controlled
2595.62,moderado,-542.187,1.31,11.0001,Controlled
2605.62,baixo,-543.497,0.78,9.99988,Controlled
2616.62,moderado,-544.277,1.31,11.0001,Controlled
2626.62,alto,-545.587,5.927,10,Controlled
2636.32,baixo,-551.514,0.78,9.69995,Controlled
2647.32,alto,-552.294,5.622,11.0001,Controlled
2656.52,baixo,-557.916,0.78,9.19995,Controlled
2667.52,alto,-558.696,5.622,11.0001,Controlled
2676.72,baixo,-564.318,0.78,9.1999,Controlled
2687.72,alto,-565.098,5.622,11,Controlled
2696.92,baixo,-570.720,0.78,9.20005,Controlled
2707.92,alto,-571.500,5.561,11,Controlled
2717.02,baixo,-577.061,0.78,9.10006,Controlled
2728.02,alto,-577.841,5.622,11,Controlled
2737.22,baixo,-583.463,0.78,9.19988,Controlled
2748.22,alto,-584.243,5.561,11,Controlled
2757.32,baixo,-589.804,0.78,9.10009,Controlled
2768.32,moderado,-590.584,1.245,10.9999,Controlled
2777.82,baixo,-591.829,0.78,9.50003,Controlled
2788.82,alto,-592.609,5.622,10.9999,Controlled
2798.02,baixo,-598.231,0.78,9.20013,Controlled
2809.02,alto,-599.011,5.561,11,Controlled
2818.12,baixo,-604.572,0.78,9.10001,Controlled
2829.12,alto,-605.352,5.561,10.9999,Controlled
2838.22,baixo,-610.913,0.78,9.10007,Controlled
2849.22,alto,-611.693,5.561,11,Controlled
2858.32,baixo,-617.254,0.78,9.1001,Controlled
2869.32,alto,-618.034,5.561,10.9999,Controlled
2878.42,baixo,-623.595,0.78,9.09993,Controlled
2889.42,moderado,-624.375,1.245,11.0001,Controlled
2898.92,baixo,-625.620,0.78,9.50001,Controlled
2909.92,moderado,-626.400,1.245,11,Controlled
2919.42,baixo,-627.645,0.78,9.50003,Controlled
2930.42,moderado,-628.425,1.245,10.9999,Controlled
2939.92,alto,-629.670,5.866,9.50001,Controlled
2949.52,baixo,-635.536,0.78,9.6,Controlled
2960.52,moderado,-636.316,1.245,11,Controlled
2970.02,baixo,-637.561,0.78,9.50004,Controlled
2981.02,moderado,-638.341,1.245,10.9999,Controlled
2990.52,alto,-639.586,5.927,9.50003,Controlled
3000.22,baixo,-645.513,0.78,9.7,Controlled
3011.22,alto,-646.293,5.561,11.0001,Controlled
3020.32,baixo,-651.854,0.78,9.0999,Controlled
3031.32,moderado,-652.634,1.31,11,Controlled
3041.32,baixo,-653.944,0.78,10,Controlled
3052.32,alto,-654.724,5.622,10.9999,Controlled
3061.52,baixo,-660.346,0.78,9.20002,Controlled
3072.52,alto,-661.126,5.622,11.0001,Controlled
3081.72,baixo,-666.748,0.78,9.19994,Controlled
